date,ticker,btc,shares_outstanding,fair_value_usd,form,accession,method
2024-03-31,ARKB,44667.3162,44670000,3160732000,10-Q,0001213900-25-075771,xbrl:us-gaap:InvestmentOwnedBalanceContracts[pure]; doc agrees
2024-03-31,BITB,31682.4133,58110000,2244413000,10-Q,0000950170-24-058601,doc:schedule-of-investments; shares:doc
2024-03-31,BRRR,7676,27075000,543202627,10-Q,0001999371-24-006073,doc:schedule-of-investments
2024-03-31,BTCO,5905,5905000,418315928,10-Q,0000950170-24-058997,doc:schedule-of-investments; shares:doc
2024-03-31,BTCW,1147,1080000,80980787,10-Q,0001214659-24-009088,doc:schedule-of-investments
2024-03-31,EZBC,4842.9986,8350000,341901126,10-K,0001140361-25-024065,doc:schedule-of-investments
2024-03-31,FBTC,144704.48094252,165475000,10215701000,10-Q,0000950170-24-056545,doc:schedule-of-investments
2024-03-31,GBTC,335932.810468,375970100,23860071000,10-Q,0001193125-24-130893,xbrl:us-gaap:InvestmentOwnedBalanceContracts[NUMBER]; doc agrees
2024-03-31,HODL,8711.14,30800000,619067103,10-Q,0000930413-24-001788,doc:schedule-of-investments
2024-03-31,IBIT,252011,442400000,17791246945,10-Q,0001437749-24-015392,doc:schedule-of-investments
2024-06-30,ARKB,46025.7971,46050000,2850345000,10-Q,0001213900-25-110782,xbrl:us-gaap:InvestmentOwnedBalanceContracts[pure]; doc agrees
2024-06-30,BITB,37528.2763,68850000,2249899000,10-Q,0000950170-24-093606,doc:schedule-of-investments; shares:doc
2024-06-30,BRRR,8374,29545000,518424674,10-Q,0001999371-24-009824,doc:schedule-of-investments
2024-06-30,BTCO,6945,6945000,435244053,10-Q,0000950170-24-092094,doc:schedule-of-investments; shares:doc
2024-06-30,BTCW,1290,1215000,81776494,10-Q,0001214659-24-014735,doc:schedule-of-investments
2024-06-30,EZBC,5886.9982,10150000,373054955,10-Q,0001193125-24-200698,doc:schedule-of-investments
2024-06-30,FBTC,167462.80769789,191500000,10612001000,10-Q,0000950170-24-094562,doc:schedule-of-investments
2024-06-30,GBTC,275734.98616801,310510100,17076072000,10-Q,0000950170-24-089612,"doc:schedule-of-investments (xbrl us-gaap:InvestmentOwnedBalanceContracts[Number] agrees, rounded)"
2024-06-30,HODL,9927.02,35100000,614747718,10-Q,0000930413-24-002308,doc:schedule-of-investments
2024-06-30,IBIT,306979,539160000,19453015133,10-Q,0001437749-24-025406,doc:schedule-of-investments
2024-09-30,ARKB,50534.6675,50585000,3207170000,10-Q,0001213900-25-110782,xbrl:us-gaap:InvestmentOwnedBalanceContracts[pure]; doc agrees
2024-09-30,BITB,39435.5408,72380000,2502767000,10-Q,0000950170-24-124134,doc:schedule-of-investments; shares:doc
2024-09-30,BRRR,8984,31720000,569763992,10-Q,0001999371-24-014542,doc:schedule-of-investments
2024-09-30,BTC,33752.36277471,76128020,2142086000,10-Q,0000950170-24-120123,"doc:schedule-of-investments (xbrl us-gaap:InvestmentOwnedBalanceContracts[Bitcoin] agrees, rounded)"
2024-09-30,BTCO,8142,8145000,516728346,10-Q,0000950170-24-122604,doc:schedule-of-investments; shares:doc
2024-09-30,BTCW,3705,3490000,235956643,10-Q,0001214659-24-018784,doc:schedule-of-investments
2024-09-30,EZBC,7103.8488,12250000,452356258,10-Q,0001193125-24-255750,doc:schedule-of-investments
2024-09-30,FBTC,180344.623819,206275000,11483918000,10-Q,0000950170-24-126256,doc:schedule-of-investments
2024-09-30,GBTC,221191.32658883,277810100,14037855000,10-Q,0000950170-24-120125,"doc:schedule-of-investments (xbrl us-gaap:InvestmentOwnedBalanceContracts[Number] agrees, rounded)"
2024-09-30,HODL,11991.62,42400000,759376653,10-Q,0000930413-24-003119,doc:schedule-of-investments
2024-09-30,IBIT,366448,644000000,23334553376,10-Q,0001437749-24-033812,doc:schedule-of-investments
2024-12-31,ARKB,46607.1028,140070000,4352648000,10-Q,0001213900-26-086191,xbrl:us-gaap:InvestmentOwnedBalanceContracts[pure]; doc agrees
2024-12-31,BITB,40289.1335,73980000,3762723000,10-K,0001193125-26-085335,doc:schedule-of-investments
2024-12-31,BRRR,8849,31260000,826306338,10-K,0001999371-26-005527,doc:schedule-of-investments
2024-12-31,BTC,38012.91129948,85769963,3550034000,10-K,0001193125-26-071952,"doc:schedule-of-investments (xbrl us-gaap:InvestmentOwnedBalanceContracts[Bitcoin] agrees, rounded)"
2024-12-31,BTCO,7793,7800000,727789330,10-K,0001193125-26-083572,doc:schedule-of-investments; shares:doc
2024-12-31,BTCW,3862,3640000,360596442,10-K,0001214659-26-003899,doc:schedule-of-investments
2024-12-31,EZBC,7624.5173,13150000,711865807,10-Q,0001140361-25-004059,doc:schedule-of-investments
2024-12-31,FBTC,201556,230678476,18818357000,10-K,0001193125-26-071484,xbrl:us-gaap:InvestmentOwnedBalanceShares[shares]; doc agrees
2024-12-31,GBTC,205398.85921873,258950100,19182244000,10-K,0001193125-26-071956,"doc:schedule-of-investments (xbrl us-gaap:InvestmentOwnedBalanceContracts[Number] agrees, rounded)"
2024-12-31,HODL,13716.83,48500000,1280450332,10-K/A,0000930413-26-000927,doc:schedule-of-investments
2024-12-31,IBIT,551918,970440000,51530013513,10-K,0001437749-26-006058,doc:schedule-of-investments
2025-03-31,ARKB,47501.0671,47605000,3916212000,10-Q,0001213900-26-086191,xbrl:us-gaap:InvestmentOwnedBalanceContracts[pure]; doc agrees
2025-03-31,BITB,38003.768,69820000,3133221000,10-Q,0000950170-25-068780,doc:schedule-of-investments
2025-03-31,BRRR,5784,20450000,480384508,10-Q,0001999371-25-006195,doc:schedule-of-investments
2025-03-31,BTC,40595.02889855,91629963,3346810000,10-Q,0000950170-25-062727,"doc:schedule-of-investments (xbrl us-gaap:InvestmentOwnedBalanceContracts[Bitcoin] agrees, rounded)"
2025-03-31,BTCO,5292,5300000,436270179,10-Q,0000950170-25-067214,doc:schedule-of-investments; shares:doc
2025-03-31,BTCW,1840,1735000,152621409,10-Q,0001214659-25-007853,doc:schedule-of-investments
2025-03-31,EZBC,4956.3464,8550000,411158674,10-K,0001140361-26-026744,doc:schedule-of-investments
2025-03-31,FBTC,196932.77464322,225528476,16336755000,10-Q,0000950170-25-067926,doc:schedule-of-investments
2025-03-31,GBTC,193442.23018809,244780100,15948122000,10-Q,0000950170-25-062731,"doc:schedule-of-investments (xbrl us-gaap:InvestmentOwnedBalanceContracts[Number] agrees, rounded)"
2025-03-31,HODL,14275.4,50475000,1184241939,10-Q,0000930413-25-001795,doc:schedule-of-investments
2025-03-31,IBIT,576038,1013480000,47785797093,10-Q,0001437749-25-015168,doc:schedule-of-investments
2025-06-30,ARKB,46722.8267,140570000,5034610000,10-Q,0001213900-26-086191,xbrl:us-gaap:InvestmentOwnedBalanceContracts[pure]; doc agrees
2025-06-30,BITB,39518.9512,72640000,4258323000,10-Q,0001193125-25-175490,doc:schedule-of-investments
2025-06-30,BRRR,5854,20705000,625905470,10-Q,0001999371-25-011250,doc:schedule-of-investments
2025-06-30,BTC,44025.35564432,99409963,4743906000,10-Q,0000950170-25-101399,"doc:schedule-of-investments (xbrl us-gaap:InvestmentOwnedBalanceContracts[Bitcoin] agrees, rounded)"
2025-06-30,BTCO,5189,5200000,556006111,10-Q,0000950170-25-105150,doc:schedule-of-investments; shares:doc
2025-06-30,BTCW,1547,1460000,165906168,10-Q,0001214659-25-011977,doc:schedule-of-investments
2025-06-30,EZBC,5155.3659,8900000,559666521,10-Q,0001140361-25-030876,doc:schedule-of-investments
2025-06-30,FBTC,201347,230728476,21588740000,10-Q,0000950170-25-105585,doc:schedule-of-investments
2025-06-30,GBTC,185098.71230544,235100100,19945117000,10-Q,0000950170-25-101400,"doc:schedule-of-investments (xbrl us-gaap:InvestmentOwnedBalanceContracts[Number] agrees, rounded)"
2025-06-30,HODL,15661.22,55375000,1679361166,10-Q,0000930413-25-002440,doc:schedule-of-investments
2025-06-30,IBIT,696875,1226840000,74720071026,10-Q,0001437749-25-024884,doc:schedule-of-investments
2025-09-30,ARKB,44528.1082,134040000,5093058000,10-Q,0001213900-25-110782,xbrl:us-gaap:InvestmentOwnedBalanceContracts[pure]; doc agrees
2025-09-30,BITB,41086.7391,75560000,4700405000,10-Q,0001193125-25-274482,doc:schedule-of-investments
2025-09-30,BRRR,5967,21120000,682589262,10-Q,0001999371-25-017663,doc:schedule-of-investments
2025-09-30,BTC,47736.24179635,107829963,5461121000,10-Q,0001193125-25-266856,"doc:schedule-of-investments (xbrl us-gaap:InvestmentOwnedBalanceContracts[Bitcoin] agrees, rounded)"
2025-09-30,BTCO,6108,6125000,696779108,10-Q,0001193125-25-270289,doc:schedule-of-investments; shares:doc
2025-09-30,BTCW,1594,1505000,182033442,10-Q,0001214659-25-016344,doc:schedule-of-investments
2025-09-30,EZBC,5789.9639,10000000,661347104,10-Q,0001140361-25-041932,doc:schedule-of-investments
2025-09-30,FBTC,203794,233678476,23278011000,10-Q,0001193125-25-271721,doc:schedule-of-investments
2025-09-30,GBTC,176564.29142426,225110100,20199306000,10-Q,0001193125-25-266861,"doc:schedule-of-investments (xbrl us-gaap:InvestmentOwnedBalanceContracts[Number] agrees, rounded)"
2025-09-30,HODL,17853.09,63125000,2039322369,10-Q,0000930413-25-003438,doc:schedule-of-investments
2025-09-30,IBIT,770011,1356440000,87952924873,10-Q,0001437749-25-033435,doc:schedule-of-investments
2025-12-31,ARKB,37769.3458,113755000,3305394000,10-Q,0001213900-26-086191,xbrl:us-gaap:InvestmentOwnedBalanceContracts[pure]; doc agrees
2025-12-31,BITB,38468.0468,70780000,3367647000,10-Q,0001193125-26-340183,doc:schedule-of-investments
2025-12-31,BRRR,5767,20425000,505489906,10-Q,0001999371-26-017701,doc:schedule-of-investments
2025-12-31,BTC,48474.93659149,109539963,4243952000,10-Q,0002015034-26-000008,"doc:schedule-of-investments (xbrl us-gaap:InvestmentOwnedBalanceContracts[Bitcoin] agrees, rounded)"
2025-12-31,BTCO,6218,6240000,544369140,10-Q,0001193125-26-338719,doc:schedule-of-investments; shares:doc
2025-12-31,BTCW,1598,1510000,139717030,10-Q,0001214659-26-009996,doc:schedule-of-investments
2025-12-31,EZBC,5727.6529,9900000,500957877,10-Q,0001140361-26-005787,doc:schedule-of-investments
2025-12-31,FBTC,201684,231403476,17639927000,10-K,0001193125-26-071484,xbrl:us-gaap:InvestmentOwnedBalanceShares[shares]; doc agrees
2025-12-31,GBTC,165591.49612215,211920100,14497437000,10-Q,0001588489-26-000005,"doc:schedule-of-investments (xbrl us-gaap:InvestmentOwnedBalanceContracts[Number] agrees, rounded)"
2025-12-31,HODL,15809.7,55900000,1382273990,10-Q,0000930413-26-002505,doc:schedule-of-investments
2025-12-31,IBIT,770792,1358680000,67415764355,10-Q,0001437749-26-026004,doc:schedule-of-investments
2026-03-31,ARKB,35246.5837,106210000,2388764000,10-Q,0001213900-26-086191,xbrl:us-gaap:InvestmentOwnedBalanceContracts[pure]; doc agrees
2026-03-31,BITB,37600.7094,69220000,2549527000,10-Q,0001193125-26-209293,doc:schedule-of-investments
2026-03-31,BRRR,6303,22335000,429823599,10-Q,0001999371-26-010552,doc:schedule-of-investments
2026-03-31,BTC,51673.03186729,116809963,3503705000,10-Q,0001193125-26-206324,"doc:schedule-of-investments (xbrl us-gaap:InvestmentOwnedBalanceContracts[Bitcoin] agrees, rounded)"
2026-03-31,BTCO,6712,6740000,457292716,10-Q,0001193125-26-209710,doc:schedule-of-investments; shares:doc
2026-03-31,BTCW,2163,2045000,147304068,10-Q,0001214659-26-006093,doc:schedule-of-investments
2026-03-31,EZBC,6302.8336,10900000,429409784,10-Q,0001140361-26-033208,doc:schedule-of-investments
2026-03-31,FBTC,188144,216003476,12818199000,10-Q,0001193125-26-208428,doc:schedule-of-investments
2026-03-31,GBTC,154703.84755988,198720100,10489739000,10-Q,0001193125-26-206329,"doc:schedule-of-investments (xbrl us-gaap:InvestmentOwnedBalanceContracts[Number] agrees, rounded)"
2026-03-31,HODL,17004.62,60125000,1158283647,10-Q,0000930413-26-001608,doc:schedule-of-investments
2026-03-31,IBIT,783744,1382480000,53396223856,10-Q,0001437749-26-015538,doc:schedule-of-investments
2026-06-30,ARKB,32178.228,97015000,1889314000,10-Q,0001213900-26-086191,xbrl:us-gaap:InvestmentOwnedBalanceContracts[pure]; doc agrees
2026-06-30,BITB,36207.6919,66690000,2125990000,10-Q,0001193125-26-340183,doc:schedule-of-investments
2026-06-30,BRRR,5864,20795000,342431656,10-Q,0001999371-26-017701,doc:schedule-of-investments
2026-06-30,BTC,54280.40050138,122749963,3188712000,10-Q,0002015034-26-000008,"doc:schedule-of-investments (xbrl us-gaap:InvestmentOwnedBalanceContracts[Bitcoin] agrees, rounded)"
2026-06-30,BTCO,5345,5370000,315869355,10-Q,0001193125-26-338719,doc:schedule-of-investments; shares:doc
2026-06-30,BTCW,2310,2185000,136506043,10-Q,0001214659-26-009996,doc:schedule-of-investments
2026-06-30,EZBC,5664.0163,9800000,334751802,10-Q,0001140361-26-033208,doc:schedule-of-investments
2026-06-30,FBTC,174383,200328476,10306297000,10-Q,0001193125-26-337679,doc:schedule-of-investments
2026-06-30,GBTC,138505.75680424,178580100,8136546000,10-Q,0001588489-26-000005,"doc:schedule-of-investments (xbrl us-gaap:InvestmentOwnedBalanceContracts[Number] agrees, rounded)"
2026-06-30,HODL,16241,57425000,958827545,10-Q,0000930413-26-002505,doc:schedule-of-investments
2026-06-30,IBIT,734261,1296040000,43395920710,10-Q,0001437749-26-026004,doc:schedule-of-investments
