observation_date,A091RC1Q027SBEA
2016-01-01,446.225
2016-04-01,453.291
2016-07-01,457.514
2016-10-01,460.184
2017-01-01,460.669
2017-04-01,471.214
2017-07-01,481.457
2017-10-01,493.441
2018-01-01,507.619
2018-04-01,531.778
2018-07-01,551.891
2018-10-01,571.229
2019-01-01,579.714
2019-04-01,586.409
2019-07-01,578.256
2019-10-01,564.241
2020-01-01,544.122
2020-04-01,514.737
2020-07-01,508.011
2020-10-01,516.711
2021-01-01,532.362
2021-04-01,559.508
2021-07-01,586.694
2021-10-01,610.825
2022-01-01,635.216
2022-04-01,683.051
2022-07-01,750.826
2022-10-01,822.708
2023-01-01,861.849
2023-04-01,894.443
2023-07-01,965.482
2023-10-01,1026.798
2024-01-01,1062.760
2024-04-01,1095.970
2024-07-01,1145.002
2024-10-01,1166.444
2025-01-01,1170.484
2025-04-01,1197.132
2025-07-01,1238.252
2025-10-01,1265.050
2026-01-01,1252.858
2026-04-01,1279.734
