observation_date,CMDEBT
2016-01-01,14040761
2016-04-01,14145150
2016-07-01,14258448
2016-10-01,14351334
2017-01-01,14479108
2017-04-01,14605134
2017-07-01,14709260
2017-10-01,14853297
2018-01-01,14974094
2018-04-01,15086411
2018-07-01,15207499
2018-10-01,15331891
2019-01-01,15438524
2019-04-01,15604751
2019-07-01,15758596
2019-10-01,15904894
2020-01-01,16000522
2020-04-01,15990814
2020-07-01,16175155
2020-10-01,16353810
2021-01-01,16558215
2021-04-01,17234909
2021-07-01,17537436
2021-10-01,17875125
2022-01-01,18257865
2022-04-01,18648975
2022-07-01,18959378
2022-10-01,19200295
2023-01-01,19316696
2023-04-01,19460603
2023-07-01,19614274
2023-10-01,19734888
2024-01-01,19858530
2024-04-01,19986593
2024-07-01,20138620
2024-10-01,20232020
2025-01-01,20389237
2025-04-01,20578920
2025-07-01,20771770
2025-10-01,20931778
2026-01-01,21113848
2026-04-01,21377787
