observation_date,DEXMXUS
2016-01-04,17.3600
2016-01-05,17.3595
2016-01-06,17.4360
2016-01-07,17.6525
2016-01-08,17.9145
2016-01-11,17.9560
2016-01-12,17.9230
2016-01-13,17.8595
2016-01-14,17.8930
2016-01-15,18.2475
2016-01-18,
2016-01-19,18.1845
2016-01-20,18.5945
2016-01-21,18.4655
2016-01-22,18.4500
2016-01-25,18.5600
2016-01-26,18.4750
2016-01-27,18.3780
2016-01-28,18.3120
2016-01-29,18.2110
2016-02-01,18.2930
2016-02-02,18.4895
2016-02-03,18.3930
2016-02-04,18.2255
2016-02-05,18.3720
2016-02-08,18.6485
2016-02-09,18.8627
2016-02-10,18.8470
2016-02-11,19.1925
2016-02-12,19.0040
2016-02-15,
2016-02-16,18.7890
2016-02-17,18.2750
2016-02-18,18.1705
2016-02-19,18.2720
2016-02-22,18.0190
2016-02-23,18.2000
2016-02-24,18.2270
2016-02-25,18.1305
2016-02-26,18.1850
2016-02-29,18.0675
2016-03-01,17.9000
2016-03-02,17.8415
2016-03-03,17.9015
2016-03-04,17.7575
2016-03-07,17.7370
2016-03-08,17.9210
2016-03-09,17.7045
2016-03-10,17.8955
2016-03-11,17.6905
2016-03-14,17.7770
2016-03-15,17.9245
2016-03-16,17.9405
2016-03-17,17.3920
2016-03-18,17.2950
2016-03-21,17.3900
2016-03-22,17.3300
2016-03-23,17.5200
2016-03-24,17.6260
2016-03-25,17.5425
2016-03-28,17.4535
2016-03-29,17.4885
2016-03-30,17.2550
2016-03-31,17.2140
2016-04-01,17.3205
2016-04-04,17.4575
2016-04-05,17.7480
2016-04-06,17.6655
2016-04-07,17.9125
2016-04-08,17.7600
2016-04-11,17.6385
2016-04-12,17.5155
2016-04-13,17.4905
2016-04-14,17.3670
2016-04-15,17.5580
2016-04-18,17.4515
2016-04-19,17.2935
2016-04-20,17.2590
2016-04-21,17.4150
2016-04-22,17.4440
2016-04-25,17.6010
2016-04-26,17.3860
2016-04-27,17.3790
2016-04-28,17.2175
2016-04-29,17.1900
2016-05-02,17.2425
2016-05-03,17.5415
2016-05-04,17.7050
2016-05-05,17.7850
2016-05-06,17.9155
2016-05-09,18.1325
2016-05-10,18.0095
2016-05-11,17.9265
2016-05-12,18.0345
2016-05-13,18.1470
2016-05-16,18.2160
2016-05-17,18.2850
2016-05-18,18.3375
2016-05-19,18.5460
2016-05-20,18.3770
2016-05-23,18.4710
2016-05-24,18.4435
2016-05-25,18.4500
2016-05-26,18.4500
2016-05-27,18.4280
2016-05-30,
2016-05-31,18.4130
2016-06-01,18.5475
2016-06-02,18.6320
2016-06-03,18.6120
2016-06-06,18.6140
2016-06-07,18.4360
2016-06-08,18.1250
2016-06-09,18.2885
2016-06-10,18.5260
2016-06-13,18.8145
2016-06-14,18.9785
2016-06-15,18.8630
2016-06-16,18.9875
2016-06-17,18.8615
2016-06-20,18.6660
2016-06-21,18.6550
2016-06-22,18.5300
2016-06-23,18.3010
2016-06-24,18.8545
2016-06-27,19.1520
2016-06-28,18.9100
2016-06-29,18.5355
2016-06-30,18.4935
2016-07-01,18.3930
2016-07-04,
2016-07-05,18.7805
2016-07-06,18.7535
2016-07-07,18.8785
2016-07-08,18.5615
2016-07-11,18.4915
2016-07-12,18.2935
2016-07-13,18.4020
2016-07-14,18.3240
2016-07-15,18.5190
2016-07-18,18.4800
2016-07-19,18.5355
2016-07-20,18.5820
2016-07-21,18.6150
2016-07-22,18.6140
2016-07-25,18.7560
2016-07-26,18.7902
2016-07-27,18.8715
2016-07-28,18.9085
2016-07-29,18.7610
2016-08-01,18.8325
2016-08-02,18.9150
2016-08-03,18.9005
2016-08-04,18.8450
2016-08-05,18.8685
2016-08-08,18.5785
2016-08-09,18.3800
2016-08-10,18.3510
2016-08-11,18.2640
2016-08-12,18.2500
2016-08-15,18.0450
2016-08-16,17.9750
2016-08-17,18.2765
2016-08-18,18.0575
2016-08-19,18.2525
2016-08-22,18.3165
2016-08-23,18.3730
2016-08-24,18.4955
2016-08-25,18.4385
2016-08-26,18.2950
2016-08-29,18.5625
2016-08-30,18.7850
2016-08-31,18.8490
2016-09-01,18.8260
2016-09-02,18.6440
2016-09-05,
2016-09-06,18.3385
2016-09-07,18.3505
2016-09-08,18.6100
2016-09-09,18.8395
2016-09-12,19.0705
2016-09-13,19.1651
2016-09-14,19.2075
2016-09-15,19.2425
2016-09-16,19.6645
2016-09-19,19.6205
2016-09-20,19.8485
2016-09-21,19.8425
2016-09-22,19.5550
2016-09-23,19.7360
2016-09-26,19.8605
2016-09-27,19.4650
2016-09-28,19.5120
2016-09-29,19.3825
2016-09-30,19.3355
2016-10-03,19.3350
2016-10-04,19.2360
2016-10-05,19.2455
2016-10-06,19.2320
2016-10-07,19.3325
2016-10-10,
2016-10-11,18.9685
2016-10-12,18.9990
2016-10-13,19.0440
2016-10-14,19.0475
2016-10-17,18.8850
2016-10-18,18.6575
2016-10-19,18.5605
2016-10-20,18.5910
2016-10-21,18.6315
2016-10-24,18.5835
2016-10-25,18.4850
2016-10-26,18.6680
2016-10-27,18.8140
2016-10-28,18.7170
2016-10-31,18.7900
2016-11-01,19.1000
2016-11-02,19.3905
2016-11-03,19.2255
2016-11-04,19.1180
2016-11-07,18.6365
2016-11-08,18.4350
2016-11-09,19.7745
2016-11-10,20.4935
2016-11-11,
2016-11-14,20.8415
2016-11-15,20.3450
2016-11-16,20.2720
2016-11-17,20.1845
2016-11-18,20.4250
2016-11-21,20.4880
2016-11-22,20.5125
2016-11-23,20.6530
2016-11-24,
2016-11-25,20.6505
2016-11-28,20.5740
2016-11-29,20.5950
2016-11-30,20.4565
2016-12-01,20.7375
2016-12-02,20.6130
2016-12-05,20.5725
2016-12-06,20.3750
2016-12-07,20.3280
2016-12-08,20.3765
2016-12-09,20.3330
2016-12-12,20.2230
2016-12-13,20.2560
2016-12-14,20.2295
2016-12-15,20.6140
2016-12-16,20.4170
2016-12-19,20.4120
2016-12-20,20.4305
2016-12-21,20.5100
2016-12-22,20.7095
2016-12-23,20.6110
2016-12-26,
2016-12-27,20.7085
2016-12-28,20.7350
2016-12-29,20.6755
2016-12-30,20.6170
2017-01-02,
2017-01-03,20.9060
2017-01-04,21.3855
2017-01-05,21.3950
2017-01-06,21.2960
2017-01-09,21.3375
2017-01-10,21.6245
2017-01-11,21.8750
2017-01-12,21.7045
2017-01-13,21.5435
2017-01-16,
2017-01-17,21.5825
2017-01-18,21.8510
2017-01-19,21.8910
2017-01-20,
2017-01-23,21.4355
2017-01-24,21.3840
2017-01-25,21.3110
2017-01-26,21.2950
2017-01-27,21.0245
2017-01-30,20.7530
2017-01-31,20.8355
2017-02-01,20.8155
2017-02-02,20.6260
2017-02-03,20.3565
2017-02-06,20.5170
2017-02-07,20.6415
2017-02-08,20.4990
2017-02-09,20.4155
2017-02-10,20.3135
2017-02-13,20.3250
2017-02-14,20.3450
2017-02-15,20.2900
2017-02-16,20.3405
2017-02-17,20.4615
2017-02-20,
2017-02-21,20.4230
2017-02-22,19.9155
2017-02-23,19.7350
2017-02-24,19.8690
2017-02-27,19.8290
2017-02-28,19.9975
2017-03-01,19.8785
2017-03-02,19.9265
2017-03-03,19.5775
2017-03-06,19.5360
2017-03-07,19.5050
2017-03-08,19.6045
2017-03-09,19.7885
2017-03-10,19.6540
2017-03-13,19.5590
2017-03-14,19.6260
2017-03-15,19.4490
2017-03-16,19.1725
2017-03-17,19.1320
2017-03-20,19.0205
2017-03-21,19.0915
2017-03-22,19.0645
2017-03-23,18.9920
2017-03-24,18.8520
2017-03-27,18.8205
2017-03-28,18.8650
2017-03-29,18.8300
2017-03-30,18.6650
2017-03-31,18.8290
2017-04-03,18.7325
2017-04-04,18.8180
2017-04-05,18.7235
2017-04-06,18.7450
2017-04-07,18.6480
2017-04-10,18.6910
2017-04-11,18.7485
2017-04-12,18.7665
2017-04-13,18.5350
2017-04-14,18.5293
2017-04-17,18.5480
2017-04-18,18.4780
2017-04-19,18.8680
2017-04-20,18.8480
2017-04-21,18.8425
2017-04-24,18.6900
2017-04-25,18.9305
2017-04-26,19.1490
2017-04-27,19.1190
2017-04-28,18.9340
2017-05-01,18.7610
2017-05-02,18.7800
2017-05-03,18.7950
2017-05-04,19.0145
2017-05-05,19.0040
2017-05-08,19.1055
2017-05-09,19.1225
2017-05-10,18.9705
2017-05-11,18.8825
2017-05-12,18.7640
2017-05-15,18.6600
2017-05-16,18.6195
2017-05-17,18.6280
2017-05-18,18.9265
2017-05-19,18.6780
2017-05-22,18.6695
2017-05-23,18.6380
2017-05-24,18.5665
2017-05-25,18.4660
2017-05-26,18.4990
2017-05-29,
2017-05-30,18.6590
2017-05-31,18.6550
2017-06-01,18.5775
2017-06-02,18.6700
2017-06-05,18.3895
2017-06-06,18.2825
2017-06-07,18.2305
2017-06-08,18.1775
2017-06-09,18.1855
2017-06-12,18.1725
2017-06-13,18.0780
2017-06-14,17.9300
2017-06-15,18.0900
2017-06-16,17.9195
2017-06-19,17.9360
2017-06-20,18.1255
2017-06-21,18.1540
2017-06-22,18.1120
2017-06-23,17.9620
2017-06-26,17.8830
2017-06-27,17.9735
2017-06-28,17.8890
2017-06-29,18.0310
2017-06-30,18.0760
2017-07-03,18.2215
2017-07-04,
2017-07-05,18.3295
2017-07-06,18.3070
2017-07-07,18.1440
2017-07-10,17.9810
2017-07-11,17.9530
2017-07-12,17.7670
2017-07-13,17.7390
2017-07-14,17.5620
2017-07-17,17.6000
2017-07-18,17.4990
2017-07-19,17.4775
2017-07-20,17.5120
2017-07-21,17.5630
2017-07-24,17.6835
2017-07-25,17.7630
2017-07-26,17.7560
2017-07-27,17.6915
2017-07-28,17.7535
2017-07-31,17.8590
2017-08-01,17.8085
2017-08-02,17.8200
2017-08-03,17.8845
2017-08-04,17.8650
2017-08-07,17.9660
2017-08-08,17.9135
2017-08-09,17.9835
2017-08-10,17.8740
2017-08-11,17.8380
2017-08-14,17.7685
2017-08-15,17.8365
2017-08-16,17.7290
2017-08-17,17.7470
2017-08-18,17.7560
2017-08-21,17.6460
2017-08-22,17.6400
2017-08-23,17.7070
2017-08-24,17.7050
2017-08-25,17.6140
2017-08-28,17.8250
2017-08-29,17.8710
2017-08-30,17.7441
2017-08-31,17.7875
2017-09-01,17.7835
2017-09-04,
2017-09-05,17.8325
2017-09-06,17.7980
2017-09-07,17.7040
2017-09-08,17.7245
2017-09-11,17.6470
2017-09-12,17.7510
2017-09-13,17.7865
2017-09-14,17.7220
2017-09-15,17.6865
2017-09-18,17.7580
2017-09-19,17.7675
2017-09-20,17.6895
2017-09-21,17.8250
2017-09-22,17.7355
2017-09-25,17.9050
2017-09-26,18.0070
2017-09-27,18.1010
2017-09-28,18.2370
2017-09-29,18.1480
2017-10-02,18.2110
2017-10-03,18.2110
2017-10-04,18.2175
2017-10-05,18.3145
2017-10-06,18.5165
2017-10-09,
2017-10-10,18.6605
2017-10-11,18.6950
2017-10-12,18.7625
2017-10-13,18.8890
2017-10-16,19.0915
2017-10-17,19.0405
2017-10-18,18.9125
2017-10-19,18.8390
2017-10-20,19.0170
2017-10-23,19.0695
2017-10-24,19.1760
2017-10-25,19.1000
2017-10-26,19.0545
2017-10-27,19.1785
2017-10-30,19.1655
2017-10-31,19.1290
2017-11-01,19.1350
2017-11-02,19.0065
2017-11-03,19.1890
2017-11-06,19.0800
2017-11-07,19.1420
2017-11-08,19.0705
2017-11-09,19.0670
2017-11-10,
2017-11-13,19.1675
2017-11-14,19.1455
2017-11-15,19.2565
2017-11-16,19.1005
2017-11-17,18.9275
2017-11-20,19.0320
2017-11-21,18.8045
2017-11-22,18.7045
2017-11-23,
2017-11-24,18.5200
2017-11-27,18.5405
2017-11-28,18.5775
2017-11-29,18.5125
2017-11-30,18.6335
2017-12-01,18.6200
2017-12-04,18.6575
2017-12-05,18.7150
2017-12-06,18.8895
2017-12-07,18.9365
2017-12-08,18.9560
2017-12-11,18.9650
2017-12-12,19.1840
2017-12-13,19.1400
2017-12-14,19.1030
2017-12-15,19.1160
2017-12-18,19.0335
2017-12-19,19.2150
2017-12-20,19.2130
2017-12-21,19.3825
2017-12-22,19.5905
2017-12-25,
2017-12-26,19.7325
2017-12-27,19.7245
2017-12-28,19.7160
2017-12-29,19.6395
2018-01-01,
2018-01-02,19.4840
2018-01-03,19.3680
2018-01-04,19.2540
2018-01-05,19.2392
2018-01-08,19.2200
2018-01-09,19.3060
2018-01-10,19.2290
2018-01-11,19.3245
2018-01-12,19.0535
2018-01-15,
2018-01-16,18.8600
2018-01-17,18.6280
2018-01-18,18.6545
2018-01-19,18.5870
2018-01-22,18.7425
2018-01-23,18.7665
2018-01-24,18.5315
2018-01-25,18.4880
2018-01-26,18.5080
2018-01-29,18.5875
2018-01-30,18.6950
2018-01-31,18.6215
2018-02-01,18.3600
2018-02-02,18.5465
2018-02-05,18.5925
2018-02-06,18.6940
2018-02-07,18.6450
2018-02-08,18.9010
2018-02-09,18.8815
2018-02-12,18.6400
2018-02-13,18.6325
2018-02-14,18.6035
2018-02-15,18.5195
2018-02-16,18.4780
2018-02-19,
2018-02-20,18.6390
2018-02-21,18.6610
2018-02-22,18.6450
2018-02-23,18.5585
2018-02-26,18.6540
2018-02-27,18.8068
2018-02-28,18.8405
2018-03-01,18.8115
2018-03-02,18.8455
2018-03-05,18.8635
2018-03-06,18.7365
2018-03-07,18.8055
2018-03-08,18.7040
2018-03-09,18.5670
2018-03-12,18.6245
2018-03-13,18.5425
2018-03-14,18.6035
2018-03-15,18.7000
2018-03-16,18.7300
2018-03-19,18.7325
2018-03-20,18.7465
2018-03-21,18.5930
2018-03-22,18.5300
2018-03-23,18.5705
2018-03-26,18.2900
2018-03-27,18.3200
2018-03-28,18.2600
2018-03-29,18.2385
2018-03-30,18.1676
2018-04-02,18.3110
2018-04-03,18.1955
2018-04-04,18.2310
2018-04-05,18.1270
2018-04-06,18.3290
2018-04-09,18.2245
2018-04-10,18.2715
2018-04-11,18.2210
2018-04-12,18.1510
2018-04-13,18.0795
2018-04-16,18.0250
2018-04-17,17.9705
2018-04-18,18.0355
2018-04-19,18.3355
2018-04-20,18.6145
2018-04-23,18.8950
2018-04-24,18.7950
2018-04-25,19.0200
2018-04-26,18.8695
2018-04-27,18.6675
2018-04-30,18.7715
2018-05-01,18.8325
2018-05-02,19.0730
2018-05-03,19.1125
2018-05-04,19.1965
2018-05-07,19.4480
2018-05-08,19.6110
2018-05-09,19.5165
2018-05-10,19.3020
2018-05-11,19.3650
2018-05-14,19.5085
2018-05-15,19.7160
2018-05-16,19.7300
2018-05-17,19.7400
2018-05-18,19.9320
2018-05-21,19.8870
2018-05-22,19.7140
2018-05-23,19.7730
2018-05-24,19.7175
2018-05-25,19.5440
2018-05-28,
2018-05-29,19.7360
2018-05-30,19.7000
2018-05-31,20.0005
2018-06-01,19.8585
2018-06-04,19.9860
2018-06-05,20.3720
2018-06-06,20.2690
2018-06-07,20.4920
2018-06-08,20.4905
2018-06-11,20.5260
2018-06-12,20.6127
2018-06-13,20.5919
2018-06-14,20.6700
2018-06-15,20.6450
2018-06-18,20.6600
2018-06-19,20.5080
2018-06-20,20.3610
2018-06-21,20.3910
2018-06-22,20.1025
2018-06-25,20.1080
2018-06-26,19.8635
2018-06-27,20.0560
2018-06-28,19.8300
2018-06-29,19.6495
2018-07-02,20.1690
2018-07-03,19.5660
2018-07-04,
2018-07-05,19.2455
2018-07-06,19.0655
2018-07-09,19.1650
2018-07-10,19.0165
2018-07-11,18.9955
2018-07-12,18.7855
2018-07-13,18.8845
2018-07-16,18.8425
2018-07-17,18.8715
2018-07-18,18.8860
2018-07-19,19.0555
2018-07-20,19.0975
2018-07-23,19.0705
2018-07-24,18.8490
2018-07-25,18.7990
2018-07-26,18.6375
2018-07-27,18.5595
2018-07-30,18.5375
2018-07-31,18.5980
2018-08-01,18.6255
2018-08-02,18.6270
2018-08-03,18.5725
2018-08-06,18.5215
2018-08-07,18.4585
2018-08-08,18.4780
2018-08-09,18.6805
2018-08-10,18.9380
2018-08-13,19.2655
2018-08-14,19.0040
2018-08-15,19.2195
2018-08-16,19.0085
2018-08-17,19.0605
2018-08-20,19.0345
2018-08-21,18.8680
2018-08-22,18.8160
2018-08-23,18.8630
2018-08-24,18.8180
2018-08-27,18.6615
2018-08-28,18.9225
2018-08-29,19.0415
2018-08-30,19.1575
2018-08-31,19.2135
2018-09-03,
2018-09-04,19.3505
2018-09-05,19.4270
2018-09-06,19.3610
2018-09-07,19.2110
2018-09-10,19.2940
2018-09-11,19.2100
2018-09-12,19.0705
2018-09-13,18.8800
2018-09-14,18.8695
2018-09-17,18.8455
2018-09-18,18.7372
2018-09-19,18.7545
2018-09-20,18.8665
2018-09-21,18.8375
2018-09-24,18.8560
2018-09-25,18.9820
2018-09-26,18.8955
2018-09-27,18.8290
2018-09-28,18.7050
2018-10-01,18.6625
2018-10-02,18.7380
2018-10-03,18.8340
2018-10-04,19.1740
2018-10-05,19.0140
2018-10-08,
2018-10-09,19.0085
2018-10-10,19.0745
2018-10-11,19.0205
2018-10-12,18.9235
2018-10-15,18.8095
2018-10-16,18.7740
2018-10-17,18.8010
2018-10-18,19.1590
2018-10-19,19.2285
2018-10-22,19.3675
2018-10-23,19.4075
2018-10-24,19.4575
2018-10-25,19.4130
2018-10-26,19.4390
2018-10-29,19.7610
2018-10-30,19.9865
2018-10-31,20.2550
2018-11-01,20.1325
2018-11-02,20.0450
2018-11-05,19.9780
2018-11-06,19.8560
2018-11-07,19.8000
2018-11-08,20.0450
2018-11-09,20.3795
2018-11-12,
2018-11-13,20.4500
2018-11-14,20.3565
2018-11-15,20.3135
2018-11-16,20.1770
2018-11-19,20.3795
2018-11-20,20.3625
2018-11-21,20.1810
2018-11-22,
2018-11-23,20.4400
2018-11-26,20.5420
2018-11-27,20.4755
2018-11-28,20.4305
2018-11-29,20.2550
2018-11-30,20.2975
2018-12-03,20.2365
2018-12-04,20.4960
2018-12-05,
2018-12-06,20.4220
2018-12-07,20.2850
2018-12-10,20.3783
2018-12-11,20.2885
2018-12-12,20.1345
2018-12-13,20.2545
2018-12-14,20.2955
2018-12-17,20.1165
2018-12-18,20.1255
2018-12-19,20.0260
2018-12-20,19.9275
2018-12-21,19.9275
2018-12-24,
2018-12-25,
2018-12-26,19.8836
2018-12-27,19.6630
2018-12-28,19.6535
2018-12-31,19.6350
2019-01-01,
2019-01-02,19.6065
2019-01-03,19.6095
2019-01-04,19.4400
2019-01-07,19.3140
2019-01-08,19.3550
2019-01-09,19.2310
2019-01-10,19.1600
2019-01-11,19.1200
2019-01-14,
2019-01-15,19.0555
2019-01-16,18.9700
2019-01-17,19.0535
2019-01-18,19.1130
2019-01-21,
2019-01-22,19.1375
2019-01-23,19.0870
2019-01-24,18.9860
2019-01-25,18.9275
2019-01-28,19.0405
2019-01-29,18.9850
2019-01-30,19.1635
2019-01-31,19.0525
2019-02-01,19.1275
2019-02-04,19.0405
2019-02-05,19.0830
2019-02-06,19.1075
2019-02-07,19.1100
2019-02-08,19.1060
2019-02-11,19.2820
2019-02-12,19.2455
2019-02-13,19.4050
2019-02-14,19.3485
2019-02-15,19.3360
2019-02-18,
2019-02-19,19.1855
2019-02-20,
2019-02-21,19.2835
2019-02-22,19.1310
2019-02-25,19.0940
2019-02-26,19.1550
2019-02-27,19.2095
2019-02-28,19.2650
2019-03-01,19.3065
2019-03-04,19.3000
2019-03-05,19.2750
2019-03-06,19.3815
2019-03-07,19.5795
2019-03-08,19.4835
2019-03-11,19.4275
2019-03-12,19.3005
2019-03-13,19.3350
2019-03-14,19.3000
2019-03-15,19.2150
2019-03-18,19.1130
2019-03-19,18.9925
2019-03-20,18.8950
2019-03-21,18.8550
2019-03-22,19.1640
2019-03-25,18.9950
2019-03-26,19.1035
2019-03-27,19.3420
2019-03-28,19.3665
2019-03-29,19.3980
2019-04-01,19.2140
2019-04-02,19.2245
2019-04-03,19.1685
2019-04-04,19.1775
2019-04-05,19.0735
2019-04-08,18.9615
2019-04-09,18.9050
2019-04-10,18.8285
2019-04-11,18.8525
2019-04-12,18.7555
2019-04-15,18.8610
2019-04-16,18.9620
2019-04-17,18.8405
2019-04-18,18.7580
2019-04-19,18.7705
2019-04-22,18.8370
2019-04-23,18.9490
2019-04-24,19.0100
2019-04-25,19.0965
2019-04-26,18.9510
2019-04-29,19.0185
2019-04-30,18.9945
2019-05-01,18.8515
2019-05-02,19.1260
2019-05-03,18.9820
2019-05-06,18.9775
2019-05-07,19.0425
2019-05-08,19.0700
2019-05-09,19.2740
2019-05-10,19.1385
2019-05-13,19.1955
2019-05-14,19.1455
2019-05-15,19.0610
2019-05-16,19.0730
2019-05-17,19.1665
2019-05-20,19.1000
2019-05-21,19.0360
2019-05-22,18.9830
2019-05-23,19.0170
2019-05-24,19.0620
2019-05-27,
2019-05-28,19.1735
2019-05-29,19.2250
2019-05-30,19.0895
2019-05-31,19.6520
2019-06-03,19.7680
2019-06-04,19.5560
2019-06-05,19.5510
2019-06-06,19.7198
2019-06-07,19.6675
2019-06-10,19.1810
2019-06-11,19.1315
2019-06-12,19.1530
2019-06-13,19.1760
2019-06-14,19.1300
2019-06-17,19.1710
2019-06-18,19.1185
2019-06-19,19.1670
2019-06-20,18.9905
2019-06-21,19.0770
2019-06-24,19.1810
2019-06-25,19.2205
2019-06-26,19.1250
2019-06-27,19.1630
2019-06-28,19.2089
2019-07-01,19.0760
2019-07-02,19.0790
2019-07-03,19.0435
2019-07-04,
2019-07-05,19.0320
2019-07-08,18.9040
2019-07-09,18.8940
2019-07-10,19.2270
2019-07-11,19.0995
2019-07-12,19.0255
2019-07-15,18.9700
2019-07-16,19.0855
2019-07-17,19.0090
2019-07-18,19.0000
2019-07-19,19.0145
2019-07-22,19.0700
2019-07-23,19.1318
2019-07-24,19.0900
2019-07-25,19.0400
2019-07-26,19.0690
2019-07-29,19.0670
2019-07-30,19.0750
2019-07-31,18.9930
2019-08-01,19.1700
2019-08-02,19.3115
2019-08-05,19.5545
2019-08-06,19.6125
2019-08-07,19.6825
2019-08-08,19.4935
2019-08-09,19.4430
2019-08-12,19.5525
2019-08-13,19.4210
2019-08-14,19.6323
2019-08-15,19.6335
2019-08-16,19.5570
2019-08-19,19.8110
2019-08-20,19.7565
2019-08-21,19.6652
2019-08-22,19.7400
2019-08-23,19.8645
2019-08-26,19.9175
2019-08-27,20.0055
2019-08-28,20.0120
2019-08-29,20.1185
2019-08-30,20.0674
2019-09-02,
2019-09-03,19.9920
2019-09-04,19.7790
2019-09-05,19.6935
2019-09-06,19.5575
2019-09-09,19.5365
2019-09-10,19.5005
2019-09-11,19.5500
2019-09-12,19.4210
2019-09-13,19.3555
2019-09-16,19.4280
2019-09-17,19.4170
2019-09-18,19.3480
2019-09-19,19.4050
2019-09-20,19.4400
2019-09-23,19.4420
2019-09-24,19.4485
2019-09-25,19.5600
2019-09-26,19.6435
2019-09-27,19.6810
2019-09-30,19.7420
2019-10-01,19.7755
2019-10-02,19.7760
2019-10-03,19.6985
2019-10-04,19.5385
2019-10-07,19.5500
2019-10-08,19.5820
2019-10-09,19.5750
2019-10-10,19.4575
2019-10-11,19.3316
2019-10-14,
2019-10-15,19.2480
2019-10-16,19.1990
2019-10-17,19.1550
2019-10-18,19.1410
2019-10-21,19.1460
2019-10-22,19.1000
2019-10-23,19.1130
2019-10-24,19.1010
2019-10-25,19.0490
2019-10-28,19.0460
2019-10-29,19.1010
2019-10-30,19.1670
2019-10-31,19.1740
2019-11-01,19.0990
2019-11-04,19.1660
2019-11-05,19.2190
2019-11-06,19.2000
2019-11-07,19.1280
2019-11-08,19.1080
2019-11-11,
2019-11-12,19.2700
2019-11-13,19.4260
2019-11-14,19.4400
2019-11-15,19.2050
2019-11-18,19.2530
2019-11-19,19.3420
2019-11-20,19.4800
2019-11-21,19.4220
2019-11-22,19.4020
2019-11-25,19.4620
2019-11-26,19.4930
2019-11-27,19.5370
2019-11-28,
2019-11-29,19.5430
2019-12-02,19.5670
2019-12-03,19.5550
2019-12-04,19.4820
2019-12-05,19.3640
2019-12-06,19.3310
2019-12-09,19.2290
2019-12-10,19.2140
2019-12-11,19.1780
2019-12-12,19.0890
2019-12-13,19.0660
2019-12-16,18.9810
2019-12-17,18.9100
2019-12-18,18.9580
2019-12-19,18.9410
2019-12-20,18.9140
2019-12-23,18.9310
2019-12-24,18.9550
2019-12-25,
2019-12-26,18.9440
2019-12-27,18.8190
2019-12-30,18.8630
2019-12-31,18.8600
2020-01-01,
2020-01-02,18.8890
2020-01-03,18.8650
2020-01-06,18.8210
2020-01-07,18.8760
2020-01-08,18.7730
2020-01-09,18.8300
2020-01-10,18.7680
2020-01-13,18.8200
2020-01-14,18.8040
2020-01-15,18.8100
2020-01-16,18.7770
2020-01-17,18.7280
2020-01-20,
2020-01-21,18.7020
2020-01-22,18.6930
2020-01-23,18.8330
2020-01-24,18.8450
2020-01-27,18.9599
2020-01-28,18.7800
2020-01-29,18.6762
2020-01-30,18.7990
2020-01-31,18.8900
2020-02-03,18.7900
2020-02-04,18.6760
2020-02-05,18.6200
2020-02-06,18.6700
2020-02-07,18.7550
2020-02-10,18.7670
2020-02-11,18.6940
2020-02-12,18.6270
2020-02-13,18.6420
2020-02-14,18.5700
2020-02-17,
2020-02-18,18.5890
2020-02-19,18.5880
2020-02-20,18.8200
2020-02-21,18.8130
2020-02-24,19.0890
2020-02-25,19.0540
2020-02-26,19.1630
2020-02-27,19.3470
2020-02-28,19.7300
2020-03-02,19.5830
2020-03-03,19.3300
2020-03-04,19.5330
2020-03-05,19.8250
2020-03-06,20.1710
2020-03-09,20.9260
2020-03-10,21.0510
2020-03-11,21.2050
2020-03-12,22.3260
2020-03-13,21.8850
2020-03-16,22.6130
2020-03-17,23.1400
2020-03-18,23.7200
2020-03-19,24.0870
2020-03-20,24.0260
2020-03-23,25.1270
2020-03-24,25.1320
2020-03-25,24.3950
2020-03-26,23.1300
2020-03-27,23.4100
2020-03-30,24.2650
2020-03-31,23.4480
2020-04-01,24.4530
2020-04-02,24.0340
2020-04-03,24.6900
2020-04-06,24.6280
2020-04-07,24.0350
2020-04-08,24.0390
2020-04-09,23.6250
2020-04-10,23.4200
2020-04-13,23.7230
2020-04-14,23.5990
2020-04-15,24.0640
2020-04-16,24.1240
2020-04-17,23.8310
2020-04-20,24.0370
2020-04-21,24.4330
2020-04-22,24.5850
2020-04-23,24.6820
2020-04-24,24.8225
2020-04-27,24.8320
2020-04-28,24.3940
2020-04-29,23.9270
2020-04-30,23.9790
2020-05-01,24.8066
2020-05-04,24.3853
2020-05-05,23.7938
2020-05-06,24.2950
2020-05-07,23.9610
2020-05-08,23.6190
2020-05-11,23.9130
2020-05-12,24.0370
2020-05-13,24.3110
2020-05-14,24.1720
2020-05-15,24.0493
2020-05-18,23.5900
2020-05-19,23.6140
2020-05-20,23.2150
2020-05-21,22.9240
2020-05-22,22.7380
2020-05-25,
2020-05-26,22.3360
2020-05-27,22.3580
2020-05-28,22.1910
2020-05-29,22.1700
2020-06-01,21.9910
2020-06-02,21.7220
2020-06-03,21.6350
2020-06-04,21.8510
2020-06-05,21.5450
2020-06-08,21.6380
2020-06-09,21.7280
2020-06-10,21.9410
2020-06-11,22.5210
2020-06-12,22.2980
2020-06-15,22.5210
2020-06-16,22.1750
2020-06-17,22.3680
2020-06-18,22.6690
2020-06-19,22.6100
2020-06-22,22.4570
2020-06-23,22.3890
2020-06-24,22.7116
2020-06-25,22.8300
2020-06-26,22.9460
2020-06-29,23.1230
2020-06-30,23.0821
2020-07-01,22.8230
2020-07-02,22.5200
2020-07-03,
2020-07-06,22.2750
2020-07-07,22.6360
2020-07-08,22.8550
2020-07-09,22.7020
2020-07-10,22.5070
2020-07-13,22.4320
2020-07-14,22.5920
2020-07-15,22.3710
2020-07-16,22.2880
2020-07-17,22.4800
2020-07-20,22.5800
2020-07-21,22.3190
2020-07-22,22.2560
2020-07-23,22.3140
2020-07-24,22.3630
2020-07-27,22.0130
2020-07-28,21.9570
2020-07-29,22.0030
2020-07-30,22.1830
2020-07-31,22.2260
2020-08-03,22.5740
2020-08-04,22.7460
2020-08-05,22.4230
2020-08-06,22.3590
2020-08-07,22.4830
2020-08-10,22.4930
2020-08-11,22.3380
2020-08-12,22.3180
2020-08-13,22.2800
2020-08-14,22.0190
2020-08-17,22.0420
2020-08-18,22.1800
2020-08-19,22.0460
2020-08-20,22.1480
2020-08-21,22.0420
2020-08-24,21.9740
2020-08-25,21.9610
2020-08-26,21.9450
2020-08-27,22.1150
2020-08-28,21.8700
2020-08-31,21.8800
2020-09-01,21.7510
2020-09-02,21.8320
2020-09-03,21.6630
2020-09-04,21.5950
2020-09-07,
2020-09-08,21.7320
2020-09-09,21.5200
2020-09-10,21.2850
2020-09-11,21.3270
2020-09-14,21.1230
2020-09-15,21.0550
2020-09-16,21.0500
2020-09-17,20.9930
2020-09-18,20.9490
2020-09-21,21.5160
2020-09-22,21.5850
2020-09-23,22.1160
2020-09-24,22.2800
2020-09-25,22.4510
2020-09-28,22.5070
2020-09-29,22.4660
2020-09-30,22.0910
2020-10-01,21.9760
2020-10-02,21.7200
2020-10-05,21.4301
2020-10-06,21.5210
2020-10-07,21.5330
2020-10-08,21.4160
2020-10-09,21.1530
2020-10-12,
2020-10-13,21.3920
2020-10-14,21.3460
2020-10-15,21.3940
2020-10-16,21.1740
2020-10-19,21.1369
2020-10-20,21.0650
2020-10-21,21.0896
2020-10-22,21.0260
2020-10-23,20.8961
2020-10-26,20.9580
2020-10-27,20.8670
2020-10-28,21.1520
2020-10-29,21.3670
2020-10-30,21.2760
2020-11-02,21.4570
2020-11-03,21.1560
2020-11-04,20.9360
2020-11-05,20.8340
2020-11-06,20.6300
2020-11-09,20.4000
2020-11-10,20.4330
2020-11-11,
2020-11-12,20.5170
2020-11-13,20.4500
2020-11-16,20.3020
2020-11-17,20.3060
2020-11-18,20.2460
2020-11-19,20.1830
2020-11-20,20.0830
2020-11-23,20.1090
2020-11-24,20.0120
2020-11-25,20.0150
2020-11-26,
2020-11-27,
2020-11-30,20.1500
2020-12-01,20.0470
2020-12-02,20.0470
2020-12-03,19.8870
2020-12-04,19.7440
2020-12-07,19.8100
2020-12-08,19.7150
2020-12-09,19.8520
2020-12-10,19.9870
2020-12-11,20.0930
2020-12-14,20.2180
2020-12-15,20.0830
2020-12-16,19.9500
2020-12-17,19.7880
2020-12-18,19.9813
2020-12-21,20.0400
2020-12-22,20.0540
2020-12-23,20.0800
2020-12-24,
2020-12-25,
2020-12-28,20.0610
2020-12-29,19.9050
2020-12-30,19.9340
2020-12-31,19.8920
2021-01-01,
2021-01-04,19.9380
2021-01-05,19.9200
2021-01-06,19.7130
2021-01-07,19.9280
2021-01-08,19.9410
2021-01-11,20.0760
2021-01-12,19.9270
2021-01-13,19.7880
2021-01-14,19.7230
2021-01-15,19.7470
2021-01-18,
2021-01-19,19.6642
2021-01-20,
2021-01-21,19.7270
2021-01-22,19.9250
2021-01-25,20.1400
2021-01-26,20.0800
2021-01-27,20.2200
2021-01-28,20.2300
2021-01-29,20.2550
2021-02-01,20.3560
2021-02-02,20.1510
2021-02-03,20.2170
2021-02-04,20.4570
2021-02-05,20.1300
2021-02-08,20.1120
2021-02-09,20.0970
2021-02-10,20.0500
2021-02-11,19.9600
2021-02-12,19.9300
2021-02-15,
2021-02-16,20.2180
2021-02-17,20.1860
2021-02-18,20.4360
2021-02-19,20.4000
2021-02-22,20.6720
2021-02-23,20.6040
2021-02-24,20.4600
2021-02-25,20.8910
2021-02-26,20.9350
2021-03-01,20.6070
2021-03-02,20.6240
2021-03-03,20.9203
2021-03-04,20.8206
2021-03-05,21.2770
2021-03-08,21.4500
2021-03-09,21.2580
2021-03-10,20.9500
2021-03-11,20.6960
2021-03-12,20.7411
2021-03-15,20.7420
2021-03-16,20.5670
2021-03-17,20.6720
2021-03-18,20.4400
2021-03-19,20.4971
2021-03-22,20.5880
2021-03-23,20.6290
2021-03-24,20.7930
2021-03-25,20.7830
2021-03-26,20.5730
2021-03-29,20.5850
2021-03-30,20.5970
2021-03-31,20.4410
2021-04-01,20.3358
2021-04-02,20.3050
2021-04-05,20.2420
2021-04-06,20.1410
2021-04-07,20.1800
2021-04-08,20.0900
2021-04-09,20.1620
2021-04-12,20.1010
2021-04-13,20.0520
2021-04-14,20.0580
2021-04-15,19.9180
2021-04-16,19.9120
2021-04-19,19.8110
2021-04-20,19.8720
2021-04-21,19.8840
2021-04-22,19.8740
2021-04-23,19.8520
2021-04-26,19.8430
2021-04-27,19.9740
2021-04-28,19.9420
2021-04-29,20.1090
2021-04-30,20.1690
2021-05-03,20.2000
2021-05-04,20.2560
2021-05-05,20.2160
2021-05-06,20.1770
2021-05-07,19.9010
2021-05-10,19.8700
2021-05-11,19.8550
2021-05-12,20.1160
2021-05-13,20.0460
2021-05-14,19.8600
2021-05-17,19.8000
2021-05-18,19.8280
2021-05-19,19.8000
2021-05-20,19.8770
2021-05-21,19.9400
2021-05-24,19.8630
2021-05-25,19.8880
2021-05-26,19.8940
2021-05-27,19.9700
2021-05-28,19.9300
2021-05-31,
2021-06-01,19.8970
2021-06-02,19.8950
2021-06-03,20.0650
2021-06-04,19.9270
2021-06-07,19.7800
2021-06-08,19.7720
2021-06-09,19.6860
2021-06-10,19.6750
2021-06-11,19.9610
2021-06-14,19.9150
2021-06-15,20.1690
2021-06-16,20.0440
2021-06-17,20.4680
2021-06-18,20.6710
2021-06-21,20.5970
2021-06-22,20.5830
2021-06-23,20.2600
2021-06-24,20.0440
2021-06-25,19.7930
2021-06-28,19.7800
2021-06-29,19.8020
2021-06-30,19.9060
2021-07-01,19.9870
2021-07-02,19.8440
2021-07-05,
2021-07-06,19.9840
2021-07-07,19.9870
2021-07-08,19.9650
2021-07-09,19.8810
2021-07-12,19.8440
2021-07-13,19.9910
2021-07-14,19.8920
2021-07-15,19.9280
2021-07-16,19.8380
2021-07-19,20.0000
2021-07-20,20.1470
2021-07-21,20.1530
2021-07-22,20.1934
2021-07-23,20.0300
2021-07-26,20.0100
2021-07-27,19.9750
2021-07-28,19.9410
2021-07-29,19.8590
2021-07-30,19.8460
2021-08-02,19.8560
2021-08-03,19.8960
2021-08-04,19.9690
2021-08-05,19.9252
2021-08-06,20.0180
2021-08-09,20.0670
2021-08-10,20.0860
2021-08-11,19.9560
2021-08-12,19.8910
2021-08-13,19.8620
2021-08-16,19.8850
2021-08-17,19.9830
2021-08-18,20.0110
2021-08-19,20.1110
2021-08-20,20.4250
2021-08-23,20.3640
2021-08-24,20.3180
2021-08-25,20.2660
2021-08-26,20.3570
2021-08-27,20.2020
2021-08-30,20.1270
2021-08-31,20.0740
2021-09-01,19.9640
2021-09-02,19.9670
2021-09-03,19.8890
2021-09-06,
2021-09-07,19.9440
2021-09-08,19.9370
2021-09-09,19.9300
2021-09-10,19.8640
2021-09-13,19.8680
2021-09-14,19.8980
2021-09-15,19.8980
2021-09-16,19.9370
2021-09-17,19.9841
2021-09-20,20.1610
2021-09-21,20.1170
2021-09-22,20.0130
2021-09-23,20.0250
2021-09-24,20.0940
2021-09-27,20.0935
2021-09-28,20.3310
2021-09-29,20.4910
2021-09-30,20.5620
2021-10-01,20.4910
2021-10-04,20.5340
2021-10-05,20.5620
2021-10-06,20.6460
2021-10-07,20.5930
2021-10-08,20.7460
2021-10-11,
2021-10-12,20.7680
2021-10-13,20.6480
2021-10-14,20.5920
2021-10-15,20.4520
2021-10-18,20.3160
2021-10-19,20.2670
2021-10-20,20.1690
2021-10-21,20.2690
2021-10-22,20.2120
2021-10-25,20.2110
2021-10-26,20.2190
2021-10-27,20.2200
2021-10-28,20.3320
2021-10-29,20.5510
2021-11-01,20.8510
2021-11-02,20.7500
2021-11-03,20.8270
2021-11-04,20.6290
2021-11-05,20.4250
2021-11-08,20.3360
2021-11-09,20.2800
2021-11-10,20.4680
2021-11-11,
2021-11-12,20.5190
2021-11-15,20.6270
2021-11-16,20.8230
2021-11-17,20.6910
2021-11-18,20.7270
2021-11-19,20.7990
2021-11-22,20.9720
2021-11-23,21.2390
2021-11-24,21.3970
2021-11-25,
2021-11-26,21.8530
2021-11-29,21.7300
2021-11-30,21.4530
2021-12-01,21.3050
2021-12-02,21.3090
2021-12-03,21.4390
2021-12-06,21.2220
2021-12-07,21.0470
2021-12-08,20.9590
2021-12-09,21.0120
2021-12-10,20.8730
2021-12-13,20.9540
2021-12-14,21.1980
2021-12-15,21.2300
2021-12-16,20.8720
2021-12-17,20.7310
2021-12-20,20.7380
2021-12-21,20.8060
2021-12-22,20.7490
2021-12-23,20.6480
2021-12-24,
2021-12-27,20.6760
2021-12-28,20.5810
2021-12-29,20.5830
2021-12-30,20.5140
2021-12-31,
2022-01-03,20.5700
2022-01-04,20.5010
2022-01-05,20.4390
2022-01-06,20.4350
2022-01-07,20.3970
2022-01-10,20.4550
2022-01-11,20.3530
2022-01-12,20.3670
2022-01-13,20.3600
2022-01-14,20.3160
2022-01-17,
2022-01-18,20.3780
2022-01-19,20.4700
2022-01-20,20.4230
2022-01-21,20.4680
2022-01-24,20.6590
2022-01-25,20.6770
2022-01-26,20.6480
2022-01-27,20.7600
2022-01-28,20.8340
2022-01-31,20.6370
2022-02-01,20.5690
2022-02-02,20.5898
2022-02-03,20.5540
2022-02-04,20.7180
2022-02-07,20.6440
2022-02-08,20.6360
2022-02-09,20.5000
2022-02-10,20.4330
2022-02-11,20.4060
2022-02-14,20.4020
2022-02-15,20.3630
2022-02-16,20.3120
2022-02-17,20.2850
2022-02-18,20.2990
2022-02-21,
2022-02-22,20.2820
2022-02-23,20.2450
2022-02-24,20.6430
2022-02-25,20.4150
2022-02-28,20.4030
2022-03-01,20.5790
2022-03-02,20.6190
2022-03-03,20.7140
2022-03-04,20.9360
2022-03-07,21.2360
2022-03-08,21.3960
2022-03-09,20.9520
2022-03-10,20.9740
2022-03-11,20.9640
2022-03-14,20.9060
2022-03-15,20.8850
2022-03-16,20.7280
2022-03-17,20.5510
2022-03-18,20.4040
2022-03-21,20.2860
2022-03-22,20.2650
2022-03-23,20.1700
2022-03-24,20.1200
2022-03-25,19.9400
2022-03-28,20.1400
2022-03-29,20.0120
2022-03-30,19.8330
2022-03-31,19.9110
2022-04-01,19.8370
2022-04-04,19.7450
2022-04-05,19.9320
2022-04-06,20.0450
2022-04-07,20.1600
2022-04-08,20.0770
2022-04-11,20.0100
2022-04-12,19.8410
2022-04-13,19.8020
2022-04-14,19.9900
2022-04-15,19.9530
2022-04-18,19.9311
2022-04-19,20.0500
2022-04-20,19.9990
2022-04-21,20.1650
2022-04-22,20.3120
2022-04-25,20.2560
2022-04-26,20.4340
2022-04-27,20.4480
2022-04-28,20.5610
2022-04-29,20.3590
2022-05-02,20.4310
2022-05-03,20.3460
2022-05-04,20.2260
2022-05-05,20.2910
2022-05-06,20.1110
2022-05-09,20.3020
2022-05-10,20.4030
2022-05-11,20.2540
2022-05-12,20.3060
2022-05-13,20.1270
2022-05-16,20.0570
2022-05-17,19.9730
2022-05-18,19.9930
2022-05-19,19.9250
2022-05-20,19.8630
2022-05-23,19.8280
2022-05-24,19.8790
2022-05-25,19.8370
2022-05-26,19.8010
2022-05-27,19.5750
2022-05-30,
2022-05-31,19.6800
2022-06-01,19.7500
2022-06-02,19.5550
2022-06-03,19.6010
2022-06-06,19.5940
2022-06-07,19.6010
2022-06-08,19.5700
2022-06-09,19.6120
2022-06-10,19.9140
2022-06-13,20.4110
2022-06-14,20.6710
2022-06-15,20.6610
2022-06-16,20.5410
2022-06-17,20.4290
2022-06-20,
2022-06-21,20.1950
2022-06-22,20.0470
2022-06-23,20.0120
2022-06-24,19.9060
2022-06-27,19.8790
2022-06-28,19.9830
2022-06-29,20.1630
2022-06-30,20.1180
2022-07-01,20.3180
2022-07-04,
2022-07-05,20.5510
2022-07-06,20.6940
2022-07-07,20.5990
2022-07-08,20.4440
2022-07-11,20.7350
2022-07-12,20.7490
2022-07-13,20.7250
2022-07-14,20.8580
2022-07-15,20.5780
2022-07-18,20.3890
2022-07-19,20.4640
2022-07-20,20.4690
2022-07-21,20.6630
2022-07-22,20.5020
2022-07-25,20.4640
2022-07-26,20.4720
2022-07-27,20.5070
2022-07-28,20.3830
2022-07-29,20.3630
2022-08-01,20.2510
2022-08-02,20.5200
2022-08-03,20.5530
2022-08-04,20.3280
2022-08-05,20.3940
2022-08-08,20.2912
2022-08-09,20.2810
2022-08-10,19.9640
2022-08-11,19.9220
2022-08-12,19.8690
2022-08-15,19.8400
2022-08-16,19.9180
2022-08-17,20.0670
2022-08-18,20.0850
2022-08-19,20.1860
2022-08-22,20.1630
2022-08-23,20.0170
2022-08-24,19.8960
2022-08-25,19.9440
2022-08-26,19.9130
2022-08-29,20.0150
2022-08-30,20.0950
2022-08-31,20.0860
2022-09-01,20.2200
2022-09-02,19.9270
2022-09-05,
2022-09-06,20.1090
2022-09-07,20.0260
2022-09-08,19.9850
2022-09-09,19.8870
2022-09-12,19.8000
2022-09-13,20.0660
2022-09-14,19.9530
2022-09-15,20.0670
2022-09-16,20.0170
2022-09-19,20.0000
2022-09-20,19.9950
2022-09-21,19.9950
2022-09-22,19.9640
2022-09-23,20.1760
2022-09-26,20.3730
2022-09-27,20.3160
2022-09-28,20.3050
2022-09-29,20.1500
2022-09-30,20.1150
2022-10-03,20.0330
2022-10-04,19.9700
2022-10-05,20.1070
2022-10-06,20.1110
2022-10-07,20.0300
2022-10-10,
2022-10-11,19.9470
2022-10-12,20.0250
2022-10-13,19.9920
2022-10-14,20.0680
2022-10-17,19.9780
2022-10-18,20.0400
2022-10-19,20.1260
2022-10-20,20.0310
2022-10-21,19.8980
2022-10-24,19.9450
2022-10-25,19.8670
2022-10-26,19.8660
2022-10-27,19.8380
2022-10-28,19.8240
2022-10-31,19.8480
2022-11-01,19.7350
2022-11-02,19.6650
2022-11-03,19.6750
2022-11-04,19.5320
2022-11-07,19.4670
2022-11-08,19.4640
2022-11-09,19.5710
2022-11-10,19.3700
2022-11-11,
2022-11-14,19.3920
2022-11-15,19.3810
2022-11-16,19.3140
2022-11-17,19.4400
2022-11-18,19.4870
2022-11-21,19.5420
2022-11-22,19.4510
2022-11-23,19.3730
2022-11-24,
2022-11-25,19.3330
2022-11-28,19.3080
2022-11-29,19.2200
2022-11-30,19.3660
2022-12-01,19.1500
2022-12-02,19.3420
2022-12-05,19.7600
2022-12-06,19.8450
2022-12-07,19.7020
2022-12-08,19.6730
2022-12-09,19.7970
2022-12-12,19.8210
2022-12-13,19.6410
2022-12-14,19.6980
2022-12-15,19.7860
2022-12-16,19.7870
2022-12-19,19.7260
2022-12-20,19.7950
2022-12-21,19.7150
2022-12-22,19.5920
2022-12-23,19.4300
2022-12-26,
2022-12-27,19.4000
2022-12-28,19.3980
2022-12-29,19.3570
2022-12-30,19.4960
2023-01-02,
2023-01-03,19.4210
2023-01-04,19.3300
2023-01-05,19.3750
2023-01-06,19.1720
2023-01-09,19.1760
2023-01-10,19.1050
2023-01-11,19.0180
2023-01-12,18.8750
2023-01-13,18.7850
2023-01-16,
2023-01-17,18.7400
2023-01-18,18.7480
2023-01-19,19.0660
2023-01-20,18.9120
2023-01-23,18.8240
2023-01-24,18.8410
2023-01-25,18.8440
2023-01-26,18.8360
2023-01-27,18.7730
2023-01-30,18.7700
2023-01-31,18.7980
2023-02-01,18.7080
2023-02-02,18.6180
2023-02-03,18.8830
2023-02-06,19.2100
2023-02-07,19.0300
2023-02-08,18.9570
2023-02-09,18.9590
2023-02-10,18.7080
2023-02-13,18.6260
2023-02-14,18.5410
2023-02-15,18.6010
2023-02-16,18.5130
2023-02-17,18.4160
2023-02-20,
2023-02-21,18.3920
2023-02-22,18.3500
2023-02-23,18.4350
2023-02-24,18.3990
2023-02-27,18.4080
2023-02-28,18.3450
2023-03-01,18.0950
2023-03-02,18.1120
2023-03-03,18.0130
2023-03-06,18.0150
2023-03-07,18.1310
2023-03-08,17.9490
2023-03-09,18.0860
2023-03-10,18.3590
2023-03-13,18.7700
2023-03-14,18.7190
2023-03-15,18.9570
2023-03-16,18.9130
2023-03-17,18.9800
2023-03-20,18.8200
2023-03-21,18.6700
2023-03-22,18.5270
2023-03-23,18.4890
2023-03-24,18.4980
2023-03-27,18.3920
2023-03-28,18.2420
2023-03-29,18.0940
2023-03-30,18.0950
2023-03-31,18.0250
2023-04-03,18.1140
2023-04-04,18.1580
2023-04-05,18.3080
2023-04-06,18.2110
2023-04-07,18.1350
2023-04-10,18.1610
2023-04-11,18.1950
2023-04-12,18.0710
2023-04-13,18.0100
2023-04-14,18.0490
2023-04-17,18.1014
2023-04-18,18.0679
2023-04-19,18.0427
2023-04-20,18.0136
2023-04-21,18.0100
2023-04-24,18.0074
2023-04-25,18.0660
2023-04-26,18.1074
2023-04-27,18.0706
2023-04-28,17.9973
2023-05-01,17.9157
2023-05-02,18.0570
2023-05-03,17.8960
2023-05-04,17.9560
2023-05-05,17.7481
2023-05-08,17.8197
2023-05-09,17.7453
2023-05-10,17.6074
2023-05-11,17.6120
2023-05-12,17.6024
2023-05-15,17.5540
2023-05-16,17.4297
2023-05-17,17.5912
2023-05-18,17.7162
2023-05-19,17.6920
2023-05-22,17.8395
2023-05-23,17.9628
2023-05-24,17.8120
2023-05-25,17.8332
2023-05-26,17.6647
2023-05-29,
2023-05-30,17.6730
2023-05-31,17.7488
2023-06-01,17.5493
2023-06-02,17.4976
2023-06-05,17.4640
2023-06-06,17.4124
2023-06-07,17.3411
2023-06-08,17.4095
2023-06-09,17.2912
2023-06-12,17.3080
2023-06-13,17.2140
2023-06-14,17.1100
2023-06-15,17.1787
2023-06-16,17.0765
2023-06-19,
2023-06-20,17.1908
2023-06-21,17.1601
2023-06-22,17.1472
2023-06-23,17.1723
2023-06-26,17.1345
2023-06-27,17.0833
2023-06-28,17.0731
2023-06-29,17.0976
2023-06-30,17.1439
2023-07-03,17.0578
2023-07-04,
2023-07-05,16.9966
2023-07-06,17.2568
2023-07-07,17.1073
2023-07-10,17.0485
2023-07-11,17.0853
2023-07-12,16.8480
2023-07-13,16.8998
2023-07-14,16.8002
2023-07-17,16.8047
2023-07-18,16.7423
2023-07-19,16.7590
2023-07-20,16.8359
2023-07-21,16.9228
2023-07-24,16.8164
2023-07-25,16.9099
2023-07-26,16.8769
2023-07-27,16.7073
2023-07-28,16.6635
2023-07-31,16.7183
2023-08-01,16.8414
2023-08-02,17.0430
2023-08-03,17.3356
2023-08-04,17.0579
2023-08-07,17.0564
2023-08-08,17.1512
2023-08-09,17.0760
2023-08-10,16.9410
2023-08-11,16.9950
2023-08-14,17.0746
2023-08-15,17.1114
2023-08-16,17.0640
2023-08-17,17.1160
2023-08-18,17.0598
2023-08-21,17.0310
2023-08-22,16.9166
2023-08-23,16.7987
2023-08-24,16.8180
2023-08-25,16.7970
2023-08-28,16.7116
2023-08-29,16.8436
2023-08-30,16.7435
2023-08-31,16.8810
2023-09-01,17.1523
2023-09-04,
2023-09-05,17.3392
2023-09-06,17.5490
2023-09-07,17.5396
2023-09-08,17.5710
2023-09-11,17.3680
2023-09-12,17.2553
2023-09-13,17.1055
2023-09-14,17.1090
2023-09-15,17.0680
2023-09-18,17.1116
2023-09-19,17.0624
2023-09-20,17.0270
2023-09-21,17.1577
2023-09-22,17.1431
2023-09-25,17.3711
2023-09-26,17.4958
2023-09-27,17.7030
2023-09-28,17.5990
2023-09-29,17.4064
2023-10-02,17.5457
2023-10-03,17.9134
2023-10-04,17.9505
2023-10-05,18.3190
2023-10-06,18.1600
2023-10-09,
2023-10-10,17.9800
2023-10-11,17.8190
2023-10-12,17.8990
2023-10-13,18.0525
2023-10-16,17.9564
2023-10-17,17.9022
2023-10-18,18.2492
2023-10-19,18.2860
2023-10-20,18.2152
2023-10-23,18.1033
2023-10-24,18.2818
2023-10-25,18.2970
2023-10-26,18.1841
2023-10-27,18.0496
2023-10-30,18.0210
2023-10-31,18.0530
2023-11-01,17.9460
2023-11-02,17.5908
2023-11-03,17.3706
2023-11-06,17.5236
2023-11-07,17.4680
2023-11-08,17.4792
2023-11-09,17.4832
2023-11-10,
2023-11-13,17.5770
2023-11-14,17.4010
2023-11-15,17.3256
2023-11-16,17.3019
2023-11-17,17.2099
2023-11-20,17.1260
2023-11-21,17.2096
2023-11-22,17.2014
2023-11-23,
2023-11-24,17.1255
2023-11-27,17.1520
2023-11-28,17.1180
2023-11-29,17.2022
2023-11-30,17.3758
2023-12-01,17.2032
2023-12-04,17.4136
2023-12-05,17.4726
2023-12-06,17.2642
2023-12-07,17.4351
2023-12-08,17.3809
2023-12-11,17.4230
2023-12-12,17.2989
2023-12-13,17.4146
2023-12-14,17.2848
2023-12-15,17.1810
2023-12-18,17.2043
2023-12-19,17.0730
2023-12-20,17.0780
2023-12-21,17.0534
2023-12-22,16.9830
2023-12-25,
2023-12-26,16.9675
2023-12-27,16.9138
2023-12-28,16.9090
2023-12-29,16.8998
2024-01-01,
2024-01-02,17.0140
2024-01-03,17.0560
2024-01-04,17.0480
2024-01-05,16.9141
2024-01-08,16.8030
2024-01-09,16.9360
2024-01-10,16.9880
2024-01-11,16.9867
2024-01-12,16.8510
2024-01-15,
2024-01-16,17.1499
2024-01-17,17.2650
2024-01-18,17.2035
2024-01-19,17.1160
2024-01-22,17.1342
2024-01-23,17.3620
2024-01-24,17.1590
2024-01-25,17.2283
2024-01-26,17.1442
2024-01-29,17.2418
2024-01-30,17.1794
2024-01-31,17.1762
2024-02-01,17.1020
2024-02-02,17.1550
2024-02-05,17.1680
2024-02-06,17.0265
2024-02-07,17.0430
2024-02-08,17.1182
2024-02-09,17.0937
2024-02-12,17.0591
2024-02-13,17.2020
2024-02-14,17.0970
2024-02-15,17.0810
2024-02-16,17.0620
2024-02-19,
2024-02-20,17.0444
2024-02-21,17.0580
2024-02-22,17.1330
2024-02-23,17.1034
2024-02-26,17.1077
2024-02-27,17.0716
2024-02-28,17.0896
2024-02-29,17.0580
2024-03-01,17.0055
2024-03-04,16.9628
2024-03-05,16.9287
2024-03-06,16.8610
2024-03-07,16.8688
2024-03-08,16.8082
2024-03-11,16.8134
2024-03-12,16.8281
2024-03-13,16.7300
2024-03-14,16.6940
2024-03-15,16.6889
2024-03-18,16.7840
2024-03-19,16.8420
2024-03-20,16.7713
2024-03-21,16.7390
2024-03-22,16.7249
2024-03-25,16.7097
2024-03-26,16.6870
2024-03-27,16.5370
2024-03-28,16.6130
2024-03-29,16.5574
2024-04-01,16.6560
2024-04-02,16.5727
2024-04-03,16.5490
2024-04-04,16.5076
2024-04-05,16.4809
2024-04-08,16.3250
2024-04-09,16.3579
2024-04-10,16.5073
2024-04-11,16.4345
2024-04-12,16.6577
2024-04-15,16.6390
2024-04-16,16.9944
2024-04-17,16.9775
2024-04-18,17.1169
2024-04-19,17.2062
2024-04-22,17.1180
2024-04-23,17.0097
2024-04-24,17.1010
2024-04-25,17.1850
2024-04-26,17.1436
2024-04-29,17.0137
2024-04-30,17.0642
2024-05-01,17.0204
2024-05-02,16.9286
2024-05-03,17.0320
2024-05-06,16.9016
2024-05-07,16.9080
2024-05-08,16.9039
2024-05-09,16.8590
2024-05-10,16.7650
2024-05-13,16.8070
2024-05-14,16.8402
2024-05-15,16.6831
2024-05-16,16.6839
2024-05-17,16.6162
2024-05-20,16.5621
2024-05-21,16.5946
2024-05-22,16.6206
2024-05-23,16.7065
2024-05-24,16.6813
2024-05-27,
2024-05-28,16.7039
2024-05-29,16.9370
2024-05-30,16.9232
2024-05-31,16.9940
2024-06-03,17.5780
2024-06-04,17.8580
2024-06-05,17.5340
2024-06-06,17.5212
2024-06-07,18.2662
2024-06-10,18.4040
2024-06-11,18.4350
2024-06-12,18.7390
2024-06-13,18.5611
2024-06-14,18.4519
2024-06-17,18.4897
2024-06-18,18.3918
2024-06-19,
2024-06-20,18.3950
2024-06-21,18.1995
2024-06-24,18.0039
2024-06-25,18.1250
2024-06-26,18.1658
2024-06-27,18.3180
2024-06-28,18.2610
2024-07-01,18.3860
2024-07-02,18.2249
2024-07-03,18.1141
2024-07-04,
2024-07-05,18.0870
2024-07-08,17.9935
2024-07-09,17.9441
2024-07-10,17.8331
2024-07-11,17.8318
2024-07-12,17.6530
2024-07-15,17.7660
2024-07-16,17.6590
2024-07-17,17.7487
2024-07-18,17.8452
2024-07-19,17.9387
2024-07-22,17.9260
2024-07-23,18.0738
2024-07-24,18.3789
2024-07-25,18.3491
2024-07-26,18.3960
2024-07-29,18.6591
2024-07-30,18.7983
2024-07-31,18.5975
2024-08-01,18.6418
2024-08-02,18.9991
2024-08-05,19.4450
2024-08-06,19.3187
2024-08-07,19.1741
2024-08-08,19.1130
2024-08-09,18.8245
2024-08-12,18.9940
2024-08-13,19.0499
2024-08-14,18.8242
2024-08-15,18.6539
2024-08-16,18.6169
2024-08-19,18.7425
2024-08-20,18.8923
2024-08-21,19.1910
2024-08-22,19.4370
2024-08-23,19.0940
2024-08-26,19.4050
2024-08-27,19.6486
2024-08-28,19.5288
2024-08-29,19.7880
2024-08-30,19.6576
2024-09-02,
2024-09-03,19.8300
2024-09-04,19.8161
2024-09-05,19.9926
2024-09-06,20.0399
2024-09-09,19.8845
2024-09-10,20.0831
2024-09-11,19.8377
2024-09-12,19.6029
2024-09-13,19.2589
2024-09-16,19.2510
2024-09-17,19.2769
2024-09-18,19.2802
2024-09-19,19.2449
2024-09-20,19.3230
2024-09-23,19.3865
2024-09-24,19.3435
2024-09-25,19.5715
2024-09-26,19.5690
2024-09-27,19.6428
2024-09-30,19.6903
2024-10-01,19.7043
2024-10-02,19.3734
2024-10-03,19.4841
2024-10-04,19.1551
2024-10-07,19.3477
2024-10-08,19.3761
2024-10-09,19.4026
2024-10-10,19.4816
2024-10-11,19.4312
2024-10-14,
2024-10-15,19.5715
2024-10-16,19.8835
2024-10-17,19.8860
2024-10-18,19.8161
2024-10-21,20.0494
2024-10-22,19.8992
2024-10-23,19.9284
2024-10-24,19.8520
2024-10-25,19.9126
2024-10-28,20.0444
2024-10-29,20.0000
2024-10-30,20.1720
2024-10-31,20.0314
2024-11-01,20.0273
2024-11-04,20.0880
2024-11-05,20.2417
2024-11-06,20.2500
2024-11-07,19.8839
2024-11-08,20.2230
2024-11-11,
2024-11-12,20.5914
2024-11-13,20.5908
2024-11-14,20.5104
2024-11-15,20.3376
2024-11-18,20.2650
2024-11-19,20.1465
2024-11-20,20.3099
2024-11-21,20.4431
2024-11-22,20.4845
2024-11-25,20.3320
2024-11-26,20.7360
2024-11-27,20.6488
2024-11-28,
2024-11-29,20.3142
2024-12-02,20.4351
2024-12-03,20.3230
2024-12-04,20.2576
2024-12-05,20.1920
2024-12-06,20.2363
2024-12-09,20.1870
2024-12-10,20.2400
2024-12-11,20.1342
2024-12-12,20.1440
2024-12-13,20.1391
2024-12-16,20.1412
2024-12-17,20.2650
2024-12-18,20.1588
2024-12-19,20.4137
2024-12-20,20.0664
2024-12-23,20.2010
2024-12-24,20.1610
2024-12-25,
2024-12-26,20.1750
2024-12-27,20.2220
2024-12-30,20.5460
2024-12-31,20.8557
2025-01-01,
2025-01-02,20.6250
2025-01-03,20.6490
2025-01-06,20.2771
2025-01-07,20.3255
2025-01-08,20.3720
2025-01-09,20.5041
2025-01-10,20.7124
2025-01-13,20.7901
2025-01-14,20.5144
2025-01-15,20.4700
2025-01-16,20.7958
2025-01-17,20.7010
2025-01-20,
2025-01-21,20.5571
2025-01-22,20.4838
2025-01-23,20.3605
2025-01-24,20.2317
2025-01-27,20.7208
2025-01-28,20.5534
2025-01-29,20.5702
2025-01-30,20.4287
2025-01-31,20.6290
2025-02-03,20.5310
2025-02-04,20.4413
2025-02-05,20.5827
2025-02-06,20.5022
2025-02-07,20.5889
2025-02-10,20.6780
2025-02-11,20.5498
2025-02-12,20.4826
2025-02-13,20.5031
2025-02-14,20.3097
2025-02-17,
2025-02-18,20.2490
2025-02-19,20.4428
2025-02-20,20.3652
2025-02-21,20.3521
2025-02-24,20.4401
2025-02-25,20.5295
2025-02-26,20.4272
2025-02-27,20.4818
2025-02-28,20.5254
2025-03-03,20.4555
2025-03-04,20.8270
2025-03-05,20.3860
2025-03-06,20.3132
2025-03-07,20.2660
2025-03-10,20.2860
2025-03-11,20.3490
2025-03-12,20.1678
2025-03-13,20.0913
2025-03-14,19.8545
2025-03-17,19.8918
2025-03-18,19.9858
2025-03-19,20.0570
2025-03-20,20.1342
2025-03-21,20.1940
2025-03-24,20.0960
2025-03-25,20.0713
2025-03-26,20.1100
2025-03-27,20.2783
2025-03-28,20.4198
2025-03-31,20.4582
2025-04-01,20.3290
2025-04-02,20.5000
2025-04-03,19.9508
2025-04-04,20.4910
2025-04-07,20.7140
2025-04-08,20.7089
2025-04-09,20.9441
2025-04-10,20.5029
2025-04-11,20.3700
2025-04-14,20.1255
2025-04-15,19.9704
2025-04-16,19.9648
2025-04-17,19.8079
2025-04-18,19.7175
2025-04-21,19.6628
2025-04-22,19.5840
2025-04-23,19.6327
2025-04-24,19.5896
2025-04-25,19.5585
2025-04-28,19.5507
2025-04-29,19.5851
2025-04-30,19.5914
2025-05-01,19.6360
2025-05-02,19.6685
2025-05-05,19.6316
2025-05-06,19.6870
2025-05-07,19.5831
2025-05-08,19.5850
2025-05-09,19.4834
2025-05-12,19.6130
2025-05-13,19.4181
2025-05-14,19.3501
2025-05-15,19.4860
2025-05-16,19.5250
2025-05-19,19.3707
2025-05-20,19.2670
2025-05-21,19.3190
2025-05-22,19.3232
2025-05-23,19.2798
2025-05-26,
2025-05-27,19.2309
2025-05-28,19.4170
2025-05-29,19.3390
2025-05-30,19.3901
2025-06-02,19.2450
2025-06-03,19.2572
2025-06-04,19.2042
2025-06-05,19.1774
2025-06-06,19.1226
2025-06-09,19.0515
2025-06-10,19.0519
2025-06-11,18.8436
2025-06-12,18.8879
2025-06-13,18.9085
2025-06-16,18.9266
2025-06-17,18.9581
2025-06-18,19.0068
2025-06-19,
2025-06-20,19.1369
2025-06-23,19.1600
2025-06-24,19.0210
2025-06-25,18.9159
2025-06-26,18.8741
2025-06-27,18.8283
2025-06-30,18.8292
2025-07-01,18.7381
2025-07-02,18.7503
2025-07-03,18.6440
2025-07-04,
2025-07-07,18.6647
2025-07-08,18.7084
2025-07-09,18.5610
2025-07-10,18.6313
2025-07-11,18.6727
2025-07-14,18.7585
2025-07-15,18.7928
2025-07-16,18.7302
2025-07-17,18.7629
2025-07-18,18.7037
2025-07-21,18.6335
2025-07-22,18.5963
2025-07-23,18.5784
2025-07-24,18.5589
2025-07-25,18.5676
2025-07-28,18.7314
2025-07-29,18.7694
2025-07-30,18.7987
2025-07-31,18.7970
2025-08-01,18.8770
2025-08-04,18.8514
2025-08-05,18.7715
2025-08-06,18.6400
2025-08-07,18.6879
2025-08-08,18.5421
2025-08-11,18.6474
2025-08-12,18.5583
2025-08-13,18.6538
2025-08-14,18.8160
2025-08-15,18.7330
2025-08-18,18.7821
2025-08-19,18.8090
2025-08-20,18.7834
2025-08-21,18.7849
2025-08-22,18.5921
2025-08-25,18.6316
2025-08-26,18.6658
2025-08-27,18.7039
2025-08-28,18.6638
2025-08-29,18.6381
2025-09-01,
2025-09-02,18.7163
2025-09-03,18.6732
2025-09-04,18.7419
2025-09-05,18.6770
2025-09-08,18.6301
2025-09-09,18.6330
2025-09-10,18.5980
2025-09-11,18.5196
2025-09-12,18.4821
2025-09-15,18.3353
2025-09-16,18.2726
2025-09-17,18.3350
2025-09-18,18.3710
2025-09-19,18.3749
2025-09-22,18.4322
2025-09-23,18.3067
2025-09-24,18.4453
2025-09-25,18.4410
2025-09-26,18.3835
2025-09-29,18.3441
2025-09-30,18.3442
2025-10-01,18.3588
2025-10-02,18.4829
2025-10-03,18.3830
2025-10-06,18.3456
2025-10-07,18.3814
2025-10-08,18.3550
2025-10-09,18.3800
2025-10-10,18.5195
2025-10-13,
2025-10-14,18.4904
2025-10-15,18.4793
2025-10-16,18.4029
2025-10-17,18.4297
2025-10-20,18.3874
2025-10-21,18.4230
2025-10-22,18.4179
2025-10-23,18.3981
2025-10-24,18.3930
2025-10-27,18.3920
2025-10-28,18.4133
2025-10-29,18.4194
2025-10-30,18.5430
2025-10-31,18.5465
2025-11-03,18.4832
2025-11-04,18.6114
2025-11-05,18.5993
2025-11-06,18.6203
2025-11-07,18.4738
2025-11-10,18.3908
2025-11-11,
2025-11-12,18.3031
2025-11-13,18.2706
2025-11-14,18.3299
2025-11-17,18.3446
2025-11-18,18.3570
2025-11-19,18.3368
2025-11-20,18.3920
2025-11-21,18.4540
2025-11-24,18.5131
2025-11-25,18.4311
2025-11-26,18.3444
2025-11-27,
2025-11-28,18.2915
2025-12-01,18.2811
2025-12-02,18.3050
2025-12-03,18.2800
2025-12-04,18.2285
2025-12-05,18.1887
2025-12-08,18.2319
2025-12-09,18.1778
2025-12-10,18.2198
2025-12-11,18.0301
2025-12-12,18.0386
2025-12-15,17.9755
2025-12-16,17.9417
2025-12-17,18.0319
2025-12-18,17.9700
2025-12-19,17.9977
2025-12-22,17.9900
2025-12-23,17.9240
2025-12-24,17.9209
2025-12-25,
2025-12-26,17.9088
2025-12-29,17.9620
2025-12-30,17.9474
2025-12-31,18.0057
2026-01-01,
2026-01-02,17.8763
2026-01-05,17.8800
2026-01-06,17.9599
2026-01-07,17.9532
2026-01-08,17.9863
2026-01-09,17.9787
2026-01-12,17.9056
2026-01-13,17.8535
2026-01-14,17.8052
2026-01-15,17.6607
2026-01-16,17.6720
2026-01-19,
2026-01-20,17.6066
2026-01-21,17.4325
2026-01-22,17.4706
2026-01-23,17.4536
2026-01-26,17.3061
2026-01-27,17.2321
2026-01-28,17.2493
2026-01-29,17.2600
2026-01-30,17.3493
2026-02-02,17.3749
2026-02-03,17.2239
2026-02-04,17.2962
2026-02-05,17.4122
2026-02-06,17.2695
2026-02-09,17.1896
2026-02-10,17.2201
2026-02-11,17.1984
2026-02-12,17.2309
2026-02-13,17.1661
2026-02-16,
2026-02-17,17.1510
2026-02-18,17.1454
2026-02-19,17.2736
2026-02-20,17.1520
2026-02-23,17.2397
2026-02-24,17.1734
2026-02-25,17.1597
2026-02-26,17.2347
2026-02-27,17.2207
2026-03-02,17.3667
2026-03-03,17.6348
2026-03-04,17.5454
2026-03-05,17.6951
2026-03-06,17.7980
2026-03-09,17.7615
2026-03-10,17.4765
2026-03-11,17.6444
2026-03-12,17.8350
2026-03-13,17.9437
2026-03-16,17.7654
2026-03-17,17.7144
2026-03-18,17.6840
2026-03-19,17.8663
2026-03-20,17.8874
2026-03-23,17.8134
2026-03-24,17.8211
2026-03-25,17.7461
2026-03-26,17.7662
2026-03-27,18.0240
2026-03-30,18.1189
2026-03-31,18.0327
2026-04-01,17.7957
2026-04-02,17.8384
2026-04-03,17.8660
2026-04-06,17.7891
2026-04-07,17.7635
2026-04-08,17.4120
2026-04-09,17.3485
2026-04-10,17.3023
2026-04-13,17.3609
2026-04-14,17.2627
2026-04-15,17.2822
2026-04-16,17.2637
2026-04-17,17.2380
2026-04-20,17.3092
2026-04-21,17.3340
2026-04-22,17.3252
2026-04-23,17.3503
2026-04-24,17.3853
2026-04-27,17.3840
2026-04-28,17.3756
2026-04-29,17.4931
2026-04-30,17.5161
2026-05-01,17.3969
2026-05-04,17.5019
2026-05-05,17.3741
2026-05-06,17.2577
2026-05-07,17.2400
2026-05-08,17.2070
2026-05-11,17.1880
2026-05-12,17.2543
2026-05-13,17.1836
2026-05-14,17.2090
2026-05-15,17.3600
2026-05-18,17.2864
2026-05-19,17.3766
2026-05-20,17.3009
2026-05-21,17.3561
2026-05-22,17.3241
2026-05-25,
2026-05-26,17.3311
2026-05-27,17.3704
2026-05-28,17.3370
2026-05-29,17.3498
2026-06-01,17.3726
2026-06-02,17.2874
2026-06-03,17.3190
2026-06-04,17.2875
2026-06-05,17.5068
2026-06-08,17.4306
2026-06-09,17.4149
2026-06-10,17.3989
2026-06-11,17.3689
2026-06-12,17.2080
2026-06-15,17.1934
2026-06-16,17.1924
2026-06-17,17.1796
2026-06-18,17.3764
2026-06-19,
2026-06-22,17.3287
2026-06-23,17.5430
2026-06-24,17.6173
2026-06-25,17.5276
2026-06-26,17.4460
2026-06-29,17.5157
2026-06-30,17.4490
2026-07-01,17.5261
2026-07-02,17.4524
2026-07-03,
2026-07-06,17.4426
2026-07-07,17.4980
2026-07-08,17.6270
2026-07-09,17.5353
2026-07-10,17.4732
2026-07-13,17.4961
2026-07-14,17.4287
2026-07-15,17.3858
2026-07-16,17.4280
2026-07-17,17.5120
2026-07-20,17.4390
2026-07-21,17.3885
2026-07-22,17.3905
2026-07-23,17.5148
2026-07-24,17.4526
2026-07-27,17.4420
2026-07-28,17.4193
2026-07-29,17.5130
2026-07-30,17.3380
2026-07-31,17.3235
2026-08-03,17.3102
2026-08-04,17.2612
2026-08-05,17.2303
2026-08-06,17.2255
2026-08-07,17.1357
2026-08-10,17.1305
2026-08-11,17.1070
2026-08-12,17.0621
2026-08-13,17.0540
2026-08-14,17.0120
2026-08-17,17.0151
2026-08-18,17.0520
2026-08-19,16.9621
2026-08-20,16.9483
2026-08-21,16.8909
2026-08-24,16.9639
2026-08-25,16.9331
2026-08-26,16.9750
2026-08-27,16.9585
2026-08-28,17.0430
2026-08-31,17.0081
2026-09-01,16.9581
2026-09-02,16.9786
2026-09-03,16.9602
2026-09-04,16.8630
2026-09-07,
2026-09-08,16.9137
2026-09-09,16.8941
2026-09-10,16.9730
2026-09-11,16.9704
2026-09-14,17.1104
2026-09-15,17.1393
2026-09-16,17.1360
2026-09-17,17.1829
2026-09-18,17.2454
2026-09-21,17.2252
2026-09-22,17.3022
2026-09-23,17.4851
2026-09-24,17.6704
2026-09-25,17.6932
