observation_date,HHMSDODNS
2016-01-01,9460440
2016-04-01,9498292
2016-07-01,9541363
2016-10-01,9591930
2017-01-01,9664615
2017-04-01,9723509
2017-07-01,9783508
2017-10-01,9852345
2018-01-01,9916567
2018-04-01,9989389
2018-07-01,10063309
2018-10-01,10121618
2019-01-01,10175756
2019-04-01,10254843
2019-07-01,10330399
2019-10-01,10391320
2020-01-01,10462087
2020-04-01,10525953
2020-07-01,10663806
2020-10-01,10783195
2021-01-01,10922086
2021-04-01,11379473
2021-07-01,11591929
2021-10-01,11814482
2022-01-01,12074002
2022-04-01,12333949
2022-07-01,12530238
2022-10-01,12654112
2023-01-01,12742688
2023-04-01,12841466
2023-07-01,12959731
2023-10-01,13029438
2024-01-01,13101725
2024-04-01,13207167
2024-07-01,13312216
2024-10-01,13394548
2025-01-01,13480225
2025-04-01,13601410
2025-07-01,13719610
2025-10-01,13788341
2026-01-01,13858562
2026-04-01,14010942
