observation_date,JPNASSETS
2016-01-01,3964498
2016-02-01,4037909
2016-03-01,4056481
2016-04-01,4144163
2016-05-01,4256697
2016-06-01,4327586
2016-07-01,4430848
2016-08-01,4529802
2016-09-01,4568058
2016-10-01,4633922
2016-11-01,4711310
2016-12-01,4764980
2017-01-01,4819817
2017-02-01,4879011
2017-03-01,4900893
2017-04-01,4977463
2017-05-01,5008008
2017-06-01,5021084
2017-07-01,5055602
2017-08-01,5115845
2017-09-01,5134438
2017-10-01,5180461
2017-11-01,5218600
2017-12-01,5214161
2018-01-01,5267036
2018-02-01,5331792
2018-03-01,5282856
2018-04-01,5350510
2018-05-01,5408036
2018-06-01,5370168
2018-07-01,5463108
2018-08-01,5509363
2018-09-01,5456615
2018-10-01,5518054
2018-11-01,5555010
2018-12-01,5520843
2019-01-01,5569180
2019-02-01,5619262
2019-03-01,5570243
2019-04-01,5620357
2019-05-01,5671565
2019-06-01,5648665
2019-07-01,5683142
2019-08-01,5727192
2019-09-01,5698026
2019-10-01,5756702
2019-11-01,5785322
2019-12-01,5730531
2020-01-01,5783352
2020-02-01,5849208
2020-03-01,6044846
2020-04-01,6190306
2020-05-01,6385922
2020-06-01,6489462
2020-07-01,6658852
2020-08-01,6828990
2020-09-01,6900269
2020-10-01,6982309
2020-11-01,7053047
2020-12-01,7025822
2021-01-01,7094935
2021-02-01,7126021
2021-03-01,7145566
2021-04-01,7202316
2021-05-01,7246409
2021-06-01,7169006
2021-07-01,7229429
2021-08-01,7267102
2021-09-01,7240579
2021-10-01,7251886
2021-11-01,7282186
2021-12-01,7237659
2022-01-01,7251444
2022-02-01,7305553
2022-03-01,7362535
2022-04-01,7386915
2022-05-01,7364911
2022-06-01,7327306
2022-07-01,7253573
2022-08-01,7092488
2022-09-01,6857902
2022-10-01,6959532
2022-11-01,6998931
2022-12-01,7039414
2023-01-01,7337761
2023-02-01,7395800
2023-03-01,7351165
2023-04-01,7400726
2023-05-01,7455518
2023-06-01,7328285
2023-07-01,7416142
2023-08-01,7485376
2023-09-01,7414910
2023-10-01,7506502
2023-11-01,7557805
2023-12-01,7499632
2024-01-01,7564336
2024-02-01,7604307
2024-03-01,7564231
2024-04-01,7583199
2024-05-01,7610851
2024-06-01,7536709
2024-07-01,7617141
2024-08-01,7648115
2024-09-01,7532992
2024-10-01,7568635
2024-11-01,7599596
2024-12-01,7479920
2025-01-01,7443455
2025-02-01,7470520
2025-03-01,7297669
2025-04-01,7312029
2025-05-01,7336035
2025-06-01,7174942
2025-07-01,7214098
2025-08-01,7240302
2025-09-01,6957819
2025-10-01,6963487
2025-11-01,6979490
2025-12-01,6777762
2026-01-01,6828680
2026-02-01,6837705
2026-03-01,6630250
2026-04-01,6632533
2026-05-01,6643630
2026-06-01,6395509
2026-07-01,6442957
2026-08-01,6446620
