observation_date,REVOLSL
2016-01-01,903391.2700000000
2016-02-01,907247.9399999999
2016-03-01,920927.8300000000
2016-04-01,926777.5699999999
2016-05-01,926207.9300000001
2016-06-01,934914.7400000000
2016-07-01,940893.8300000000
2016-08-01,945450.2000000000
2016-09-01,950383.2500000000
2016-10-01,949019.7700000000
2016-11-01,953427.4500000000
2016-12-01,960095.4900000000
2017-01-01,963412.1400000000
2017-02-01,969194.1899999999
2017-03-01,974868.8500000000
2017-04-01,978104.1500000000
2017-05-01,980279.9900000000
2017-06-01,985028.5300000000
2017-07-01,988170.4500000000
2017-08-01,992523.1000000000
2017-09-01,998846.9700000000
2017-10-01,1005844.6300000000
2017-11-01,1011810.7000000000
2017-12-01,1016806.6000000000
2018-01-01,1022645.8600000000
2018-02-01,1024831.9000000000
2018-03-01,1028766.0300000000
2018-04-01,1025126.2600000000
2018-05-01,1027283.1800000001
2018-06-01,1025346.9700000000
2018-07-01,1035824.7800000000
2018-08-01,1042274.7900000000
2018-09-01,1044435.9000000000
2018-10-01,1050200.2300000000
2018-11-01,1052273.2900000000
2018-12-01,1053847.4399999999
2019-01-01,1060871.3500000001
2019-02-01,1063152.3400000001
2019-03-01,1063183.9900000000
2019-04-01,1069911.7600000000
2019-05-01,1073219.5000000000
2019-06-01,1071356.4399999999
2019-07-01,1082725.6399999999
2019-08-01,1084058.6499999999
2019-09-01,1084272.6799999999
2019-10-01,1087260.7900000000
2019-11-01,1077235.1100000001
2019-12-01,1091988.8799999999
2020-01-01,1076066.6000000001
2020-02-01,1081538.9600000000
2020-03-01,1062207.4600000000
2020-04-01,1005102.9000000000
2020-05-01,980419.1300000000
2020-06-01,973452.8700000000
2020-07-01,971303.2000000000
2020-08-01,961387.2300000000
2020-09-01,964357.6700000000
2020-10-01,961050.4900000000
2020-11-01,953267.6500000000
2020-12-01,954603.4300000001
2021-01-01,951410.1000000000
2021-02-01,955382.3100000001
2021-03-01,952080.8000000000
2021-04-01,952144.4600000000
2021-05-01,960451.8000000000
2021-06-01,985552.6400000000
2021-07-01,990634.8199999999
2021-08-01,994035.0200000000
2021-09-01,1005471.3700000000
2021-10-01,1013717.8400000000
2021-11-01,1026365.9399999999
2021-12-01,1033546.9300000001
2022-01-01,1043043.0000000000
2022-02-01,1054708.3400000001
2022-03-01,1077503.1699999999
2022-04-01,1091128.8200000001
2022-05-01,1100547.3000000000
2022-06-01,1120168.0900000001
2022-07-01,1129894.0200000000
2022-08-01,1144930.6699999999
2022-09-01,1155439.5600000001
2022-10-01,1167445.0000000000
2022-11-01,1183888.9900000000
2022-12-01,1192639.7000000000
2023-01-01,1199848.6399999999
2023-02-01,1204657.8999999999
2023-03-01,1220942.0400000000
2023-04-01,1232544.1599999999
2023-05-01,1241274.3300000001
2023-06-01,1247630.0500000000
2023-07-01,1255749.4199999999
2023-08-01,1271808.6000000001
2023-09-01,1277927.4500000000
2023-10-01,1282360.2900000000
2023-11-01,1301584.1399999999
2023-12-01,1298865.9399999999
2024-01-01,1308360.2100000000
2024-02-01,1319466.6399999999
2024-03-01,1320920.6699999999
2024-04-01,1322889.2100000000
2024-05-01,1331285.6000000001
2024-06-01,1330878.9399999999
2024-07-01,1337484.6499999999
2024-08-01,1340184.4800000000
2024-09-01,1342480.8899999999
2024-10-01,1352433.6100000001
2024-11-01,1342090.4800000000
2024-12-01,1296965.6200000001
2025-01-01,1301935.8100000001
2025-02-01,1304181.7400000000
2025-03-01,1292802.5400000000
2025-04-01,1299412.5800000001
2025-05-01,1300224.9500000000
2025-06-01,1301742.1599999999
2025-07-01,1310281.4700000000
2025-08-01,1308311.6599999999
2025-09-01,1312713.4800000000
2025-10-01,1317077.7400000000
2025-11-01,1316336.2100000000
2025-12-01,1324322.3400000001
2026-01-01,1326040.4500000000
2026-02-01,1327120.8700000001
2026-03-01,1338182.2200000000
2026-04-01,1349906.2600000000
2026-05-01,1347697.7700000000
2026-06-01,1354418.6899999999
2026-07-01,1357221.4399999999
