observation_date,TOTALSL
2016-01-01,3419541.4800000000
2016-02-01,3438079.7999999998
2016-03-01,3469147.0099999998
2016-04-01,3490038.1899999999
2016-05-01,3503723.5099999998
2016-06-01,3525125.9700000002
2016-07-01,3544185.3199999998
2016-08-01,3565315.2000000002
2016-09-01,3588380.6800000002
2016-10-01,3601186.9300000002
2016-11-01,3617030.4100000001
2016-12-01,3636437.7500000000
2017-01-01,3653334.4399999999
2017-02-01,3670049.5000000000
2017-03-01,3687391.0099999998
2017-04-01,3702096.5200000000
2017-05-01,3713714.9700000002
2017-06-01,3730076.9700000002
2017-07-01,3746255.8199999998
2017-08-01,3758689.3599999999
2017-09-01,3774834.5299999998
2017-10-01,3796900.7599999998
2017-11-01,3815576.6600000001
2017-12-01,3830784.9900000002
2018-01-01,3847852.4800000000
2018-02-01,3863895.2700000000
2018-03-01,3876825.8900000001
2018-04-01,3884786.8599999999
2018-05-01,3900697.6699999999
2018-06-01,3903142.2300000000
2018-07-01,3925600.5600000001
2018-08-01,3945836.9199999999
2018-09-01,3958356.0099999998
2018-10-01,3976162.3900000001
2018-11-01,3991299.1099999999
2018-12-01,4007041.9500000002
2019-01-01,4027126.2100000000
2019-02-01,4039735.3799999999
2019-03-01,4051283.5099999998
2019-04-01,4068160.6600000001
2019-05-01,4082900.9800000000
2019-06-01,4093846.7599999998
2019-07-01,4117949.9800000000
2019-08-01,4133850.5099999998
2019-09-01,4146108.7300000000
2019-10-01,4163507.6000000001
2019-11-01,4164527.5600000001
2019-12-01,4192191.3900000001
2020-01-01,4171617.4500000002
2020-02-01,4185098.2100000000
2020-03-01,4169625.9600000000
2020-04-01,4105366.1200000001
2020-05-01,4089170.2500000000
2020-06-01,4101550.0699999998
2020-07-01,4117867.6200000001
2020-08-01,4113232.4600000000
2020-09-01,4128741.8999999999
2020-10-01,4134691.9800000000
2020-11-01,4135727.0899999999
2020-12-01,4149026.4800000000
2021-01-01,4157571.0200000000
2021-02-01,4176857.9300000002
2021-03-01,4188484.5099999998
2021-04-01,4205750.3600000003
2021-05-01,4237470.5000000000
2021-06-01,4388618.8600000003
2021-07-01,4405901.3300000001
2021-08-01,4423403.4100000001
2021-09-01,4447135.6799999997
2021-10-01,4464959.7100000000
2021-11-01,4490204.4000000004
2021-12-01,4512720.4100000001
2022-01-01,4526943.7900000000
2022-02-01,4558299.1299999999
2022-03-01,4598631.9800000004
2022-04-01,4631140.4800000004
2022-05-01,4660972.2800000003
2022-06-01,4698764.1799999997
2022-07-01,4722381.3899999997
2022-08-01,4752120.1500000004
2022-09-01,4778706.1699999999
2022-10-01,4812477.0599999996
2022-11-01,4843070.1299999999
2022-12-01,4858438.5999999996
2023-01-01,4873574.9199999999
2023-02-01,4885540.6100000003
2023-03-01,4909166.0700000003
2023-04-01,4920124.1900000004
2023-05-01,4925699.5000000000
2023-06-01,4948993.2999999998
2023-07-01,4959788.9299999997
2023-08-01,4946750.2500000000
2023-09-01,4955832.2500000000
2023-10-01,4969073.2199999997
2023-11-01,4993197.9299999997
2023-12-01,4988225.9800000004
2024-01-01,5002475.5800000001
2024-02-01,5015273.3700000001
2024-03-01,5014899.7500000000
2024-04-01,5016165.9500000002
2024-05-01,5024842.1100000003
2024-06-01,5026364.8099999996
2024-07-01,5046177.0400000000
2024-08-01,5055767.3899999997
2024-09-01,5058345.1200000001
2024-10-01,5071588.4299999997
2024-11-01,5065689.7699999996
2024-12-01,4947229.5700000003
2025-01-01,4955619.4100000001
2025-02-01,4957607.4600000000
2025-03-01,5021864.2400000002
2025-04-01,5038214.1500000004
2025-05-01,5048281.7599999998
2025-06-01,5043533.8300000001
2025-07-01,5055914.2900000000
2025-08-01,5058589.7800000003
2025-09-01,5071963.2999999998
2025-10-01,5079764.6799999997
2025-11-01,5083079.4800000004
2025-12-01,5098820.8899999997
2026-01-01,5103211.5999999996
2026-02-01,5110389.0300000003
2026-03-01,5131428.7999999998
2026-04-01,5151608.4900000002
2026-05-01,5153586.6399999997
2026-06-01,5168141.7100000000
2026-07-01,5186204.0700000003
